prev_tool,next_tool,lag,count
Bash,Bash,1,83732
Read,Read,1,22243
Edit,Edit,1,14182
Bash,Read,1,12094
Read,Edit,1,10591
Read,Bash,1,8615
Edit,Bash,1,8161
Grep,Grep,1,6498
Grep,Read,1,5915
Read,Grep,1,4406
Edit,Read,1,4388
Bash,Edit,1,2861
Write,Write,1,2662
Glob,Glob,1,2540
Bash,Grep,1,2408
TaskUpdate,TaskUpdate,1,2278
TaskCreate,TaskCreate,1,2210
Glob,Read,1,2007
Grep,Bash,1,1941
Edit,Grep,1,1671
Bash,TaskUpdate,1,1447
Write,Bash,1,1418
Read,Write,1,1382
Read,Glob,1,1374
Bash,Write,1,1299
TaskUpdate,Bash,1,1209
WebFetch,WebFetch,1,1122
Grep,Edit,1,1120
WebSearch,WebSearch,1,1081
TodoWrite,Bash,1,1013
Write,Edit,1,836
Bash,ToolSearch,1,828
Edit,TodoWrite,1,806
Bash,TodoWrite,1,802
Glob,Grep,1,775
Write,Read,1,753
Glob,Bash,1,723
TaskUpdate,Read,1,709
TodoWrite,Read,1,620
Bash,Glob,1,609
Grep,Glob,1,600
Edit,TaskUpdate,1,600
TaskCreate,TaskUpdate,1,460
mcp__p891dec__get_meeting_transcript,mcp__p891dec__get_meeting_transcript,1,449
Bash,Agent,1,431
Edit,Write,1,418
TaskUpdate,Edit,1,410
TodoWrite,Edit,1,378
mcp__p7cbdd1__browser_click,mcp__p7cbdd1__browser_click,1,340
Bash,mcp__pd16dd1__get_branch_pipeline,1,330
Agent,Bash,1,324
WebSearch,WebFetch,1,323
Agent,Agent,1,317
TaskUpdate,Write,1,285
Bash,mcp__pf3c76d__get_branch_pipeline,1,284
Read,TodoWrite,1,282
Agent,Read,1,280
Write,TodoWrite,1,277
mcp__pd16dd1__get_meeting_transcript,mcp__pd16dd1__get_meeting_transcript,1,270
ToolSearch,ToolSearch,1,267
WebFetch,WebSearch,1,262
mcp__pd16dd1__get_branch_pipeline,Bash,1,242
mcp__pf3c76d__get_branch_pipeline,Bash,1,232
Write,TaskUpdate,1,216
TodoWrite,Write,1,211
Task,Read,1,198
Bash,mcp__p7cbdd1__browser_navigate,1,196
mcp__pd16dd1__create_merge_request_comment,mcp__pd16dd1__create_merge_request_comment,1,194
Write,ExitPlanMode,1,186
TodoWrite,Glob,1,186
Edit,ExitPlanMode,1,185
Task,Task,1,185
mcp__pf3c76d__create_merge_request_comment,mcp__pf3c76d__create_merge_request_comment,1,184
TaskUpdate,Grep,1,182
Bash,TaskOutput,1,180
WebFetch,Bash,1,178
ToolSearch,Bash,1,176
Bash,mcp__pf3c76d__get_pipeline,1,173
mcp__p7cbdd1__browser_navigate,mcp__p7cbdd1__browser_wait_for,1,168
Bash,mcp__pd16dd1__get_merge_request_pipeline,1,166
Bash,WebFetch,1,161
Bash,TaskCreate,1,152
mcp__pf3c76d__get_pipeline,Bash,1,151
Read,ToolSearch,1,150
TaskOutput,Bash,1,150
mcp__p7cbdd1__browser_snapshot,mcp__p7cbdd1__browser_click,1,144
mcp__p11f8c4__get_meeting_transcript,mcp__p11f8c4__get_meeting_transcript,1,130
Grep,Write,1,129
TodoWrite,Grep,1,124
Bash,mcp__pd16dd1__create_merge_request,1,120
mcp__pd16dd1__get_issues,mcp__pd16dd1__get_issues,1,120
mcp__pd16dd1__get_merge_request_pipeline,Bash,1,120
mcp__pf3c76d__get_job_logs,mcp__pf3c76d__get_job_logs,1,113
AskUserQuestion,Bash,1,112
ToolSearch,TaskCreate,1,112
mcp__pd16dd1__create_merge_request_comment,TodoWrite,1,110
Monitor,Bash,1,108
mcp__pd16dd1__get_merge_request_discussions,TodoWrite,1,108
Bash,Monitor,1,106
Bash,Task,1,106
Write,Grep,1,106
Bash,WebSearch,1,104
Grep,TodoWrite,1,103
TodoWrite,TodoWrite,1,101
Read,Task,1,100
Agent,ToolSearch,1,97
Read,Agent,1,95
Read,TaskUpdate,1,95
Skill,Bash,1,95
ToolSearch,TaskUpdate,1,94
Bash,AskUserQuestion,1,93
mcp__pf3c76d__get_issues,mcp__pf3c76d__get_issues,1,92
Bash,mcp__pd16dd1__get_merge_requests,1,92
mcp__p67cee4__get_meeting_transcript,mcp__p67cee4__get_meeting_transcript,1,89
mcp__p7cbdd1__browser_wait_for,mcp__p7cbdd1__browser_click,1,89
ToolSearch,mcp__pf3c76d__create_merge_request,1,89
Bash,mcp__pd16dd1__get_merge_request_discussions,1,88
ExitPlanMode,Edit,1,88
Bash,Skill,1,85
Edit,Glob,1,84
mcp__pd16dd1__get_merge_request_discussions,mcp__pd16dd1__get_merge_request_discussions,1,84
ToolSearch,AskUserQuestion,1,83
ToolSearch,mcp__pf3c76d__get_issues,1,83
Bash,ScheduleWakeup,1,82
ScheduleWakeup,Bash,1,82
TaskUpdate,Agent,1,81
mcp__p7cbdd1__browser_navigate,mcp__p7cbdd1__browser_snapshot,1,78
mcp__p3a04ae__create_issue,mcp__p3a04ae__create_issue,1,78
WebSearch,Bash,1,76
mcp__pd16dd1__get_branch_pipeline,Read,1,76
WebFetch,Read,1,74
mcp__pd16dd1__update_issue,TodoWrite,1,74
Agent,Write,1,73
mcp__p7cbdd1__browser_click,Bash,1,72
Write,ToolSearch,1,72
Agent,TaskCreate,1,72
mcp__pd16dd1__get_merge_requests,mcp__pd16dd1__get_merge_request_discussions,1,72
TaskCreate,ToolSearch,1,72
ExitPlanMode,TodoWrite,1,71
ToolSearch,mcp__pd2ddfd__tabs_context_mcp,1,69
TodoWrite,mcp__pd16dd1__create_merge_request_comment,1,68
mcp__pf3c76d__create_issue,mcp__pf3c76d__create_issue,1,68
Bash,mcp__pf3c76d__update_issue,1,66
TaskUpdate,TaskCreate,1,65
TodoWrite,mcp__pd16dd1__get_merge_request_discussions,1,64
ToolSearch,WebSearch,1,64
ToolSearch,WebFetch,1,63
Read,TaskCreate,1,63
Bash,mcp__pd16dd1__update_issue,1,62
Bash,mcp__pd16dd1__create_merge_request_comment,1,62
mcp__p11f8c4__update_sheet_cells,mcp__p11f8c4__update_sheet_cells,1,62
Read,AskUserQuestion,1,61
Edit,Agent,1,60
mcp__pd2ddfd__tabs_context_mcp,Bash,1,59
Agent,Grep,1,59
Skill,ToolSearch,1,59
ToolSearch,mcp__pf3c76d__create_issue,1,59
EnterPlanMode,Task,1,59
ToolSearch,ExitPlanMode,1,58
mcp__pf3c76d__get_branch_pipeline,Read,1,58
ToolSearch,Read,1,57
mcp__pd8e750__update_issue,mcp__pd8e750__update_issue,1,57
Bash,mcp__pf3c76d__create_merge_request,1,55
mcp__pd8e750__add_issue_comment,mcp__pd8e750__add_issue_comment,1,55
Skill,mcp__pd16dd1__get_issues,1,54
mcp__p7cbdd1__browser_click,mcp__p7cbdd1__browser_snapshot,1,52
AskUserQuestion,Read,1,52
Grep,TaskUpdate,1,52
Task,Bash,1,52
mcp__pd16dd1__create_merge_request,mcp__pd16dd1__create_issue_comment,1,52
Edit,ToolSearch,1,50
Grep,ToolSearch,1,50
mcp__pd16dd1__get_issues,mcp__pd16dd1__get_issue_relations,1,50
mcp__p5ee74d__create_issue_comment,mcp__p5ee74d__create_issue_comment,1,50
ExitPlanMode,Read,1,49
mcp__p5ee74d__get_issue,mcp__p5ee74d__get_issue,1,48
EnterPlanMode,Agent,1,47
Agent,Edit,1,46
mcp__pd16dd1__create_issue,mcp__pd16dd1__create_issue,1,44
mcp__p3a04ae__create_issue,Bash,1,44
mcp__pf3c76d__get_pipeline,mcp__pf3c76d__get_job_logs,1,42
mcp__pd16dd1__create_issue_comment,TodoWrite,1,42
mcp__pd16dd1__create_merge_request_comment,Bash,1,42
mcp__pd16dd1__get_issue_relations,mcp__pd16dd1__get_issue_comments,1,42
ToolSearch,mcp__pf3c76d__get_merge_request_discussions,1,42
mcp__pd16dd1__update_issue,mcp__pd16dd1__update_issue,1,42
Task,AskUserQuestion,1,42
mcp__p7cbdd1__browser_navigate,Bash,1,41
Task,Write,1,40
mcp__pf3c76d__update_issue,mcp__pf3c76d__update_issue,1,40
mcp__pcd9e51__update_issue,mcp__pcd9e51__update_issue,1,40
mcp__p5ee74d__get_issues,mcp__p5ee74d__get_issues,1,40
mcp__pd8e750__create_merge_request_comment,mcp__pd8e750__create_merge_request_comment,1,40
ToolSearch,Agent,1,39
TodoWrite,Task,1,39
Read,WebSearch,1,39
ToolSearch,mcp__pf3c76d__get_pipeline,1,39
TaskUpdate,Glob,1,39
AskUserQuestion,Task,1,39
ToolSearch,TaskOutput,1,38
mcp__pf3c76d__get_issues,mcp__pf3c76d__get_project_info,1,38
mcp__pf3c76d__create_issue,ToolSearch,1,38
ToolSearch,mcp__pf3c76d__update_issue,1,38
mcp__pd16dd1__get_merge_request_discussions,mcp__pd16dd1__get_branch_pipeline,1,38
Bash,mcp__pd16dd1__get_chat_messages,1,38
mcp__p9846af__create_issue,mcp__p9846af__create_issue,1,38
TaskOutput,TaskOutput,1,37
mcp__p7cbdd1__browser_click,mcp__p7cbdd1__browser_type,1,37
mcp__pf3c76d__create_issue,Bash,1,37
AskUserQuestion,Write,1,37
mcp__p11f8c4__update_sheet_cells,mcp__p11f8c4__read_sheet_data,1,37
mcp__p67cee4__update_sheet_cells,mcp__p67cee4__update_sheet_cells,1,36
mcp__pf3c76d__create_merge_request,mcp__pf3c76d__create_issue_comment,1,36
mcp__pf3c76d__create_merge_request,ToolSearch,1,36
mcp__pd16dd1__get_merge_request_pipeline,Read,1,36
WebSearch,Read,1,36
Read,WebFetch,1,35
mcp__p11f8c4__read_sheet_data,mcp__p11f8c4__update_sheet_cells,1,35
mcp__p0f36b0__create_issue,mcp__p0f36b0__create_issue,1,35
mcp__p7cbdd1__browser_type,mcp__p7cbdd1__browser_click,1,34
mcp__pf3c76d__get_job_logs,Read,1,34
mcp__pd16dd1__get_merge_request_discussions,mcp__pd16dd1__get_merge_request_pipeline,1,34
mcp__pf3c76d__get_merge_request_discussions,Bash,1,34
Bash,mcp__pf3c76d__get_merge_request_discussions,1,34
Bash,mcp__pf3c76d__create_merge_request_comment,1,34
mcp__pcd9e51__create_issue,mcp__pcd9e51__create_issue,1,34
TaskOutput,mcp__pd16dd1__get_branch_pipeline,1,34
Bash,EnterPlanMode,1,34
WebFetch,Edit,1,34
mcp__p7cbdd1__browser_snapshot,Bash,1,33
ToolSearch,EnterPlanMode,1,33
ToolSearch,mcp__pf3c76d__get_merge_requests,1,33
TaskCreate,Bash,1,33
mcp__p67cee4__get_issues,mcp__p67cee4__get_issues,1,32
AskUserQuestion,Edit,1,32
mcp__pf3c76d__update_issue,Read,1,32
mcp__pf3c76d__create_merge_request,Bash,1,32
Bash,mcp__pf3c76d__get_job_logs,1,32
mcp__pf3c76d__get_job_logs,Bash,1,32
ToolSearch,mcp__pf3c76d__get_issue,1,32
mcp__pf3c76d__update_issue,Bash,1,32
mcp__pd16dd1__get_branch_pipeline,Grep,1,32
mcp__pd16dd1__get_chat_messages,Bash,1,32
mcp__p67cee4__create_issue,mcp__p67cee4__create_issue,1,31
Bash,mcp__p67cee4__create_merge_request,1,30
Agent,TaskUpdate,1,30
Grep,Agent,1,30
ToolSearch,mcp__pf3c76d__get_job_logs,1,30
mcp__pf3c76d__get_issues,ToolSearch,1,30
mcp__pf3c76d__get_project_info,mcp__pf3c76d__get_epics,1,30
mcp__pd16dd1__get_issue_comments,Bash,1,30
mcp__pd16dd1__link_issues,mcp__pd16dd1__link_issues,1,30
mcp__p67cee4__create_merge_request_comment,mcp__p67cee4__create_merge_request_comment,1,29
mcp__p11f8c4__create_knowledge_base_page,mcp__p11f8c4__create_knowledge_base_page,1,29
Write,AskUserQuestion,1,28
mcp__p7cbdd1__browser_click,Grep,1,28
Edit,mcp__p7cbdd1__browser_navigate,1,28
mcp__pd16dd1__get_merge_requests,Bash,1,28
AskUserQuestion,Grep,1,28
mcp__pd16dd1__get_issues,mcp__pd16dd1__get_project_info,1,28
ToolSearch,mcp__pf3c76d__get_branch_pipeline,1,28
mcp__pf3c76d__get_issue,Bash,1,28
mcp__pf3c76d__get_merge_request_diffs,mcp__pf3c76d__get_merge_request_diffs,1,28
mcp__p7cbdd1__browser_wait_for,mcp__p7cbdd1__browser_snapshot,1,28
mcp__p5ee74d__update_issue,mcp__p5ee74d__update_issue,1,28
mcp__p3a04ae__update_issue,Bash,1,28
ToolSearch,Glob,1,27
Task,Grep,1,27
Glob,Write,1,26
ToolSearch,Grep,1,26
ExitPlanMode,Agent,1,26
mcp__p7cbdd1__browser_click,mcp__p7cbdd1__browser_wait_for,1,26
Skill,mcp__pf3c76d__get_issues,1,26
ToolSearch,mcp__pf3c76d__create_issue_comment,1,26
TodoWrite,mcp__pd16dd1__update_issue,1,26
mcp__pd16dd1__get_project_info,mcp__pd16dd1__get_epics,1,26
TodoWrite,mcp__pd16dd1__get_branch_pipeline,1,26
mcp__p3a04ae__update_issue,mcp__p3a04ae__update_issue,1,26
Bash,mcp__p7cbdd1__browser_click,1,25
Glob,TodoWrite,1,25
mcp__p7cbdd1__browser_type,mcp__p7cbdd1__browser_type,1,25
mcp__p8f556d__create_merge_request_comment,mcp__p8f556d__create_merge_request_comment,1,25
TaskStop,Bash,1,24
Task,Edit,1,24
mcp__pf3c76d__get_issue,mcp__pf3c76d__get_issue,1,24
mcp__pd16dd1__get_epics,AskUserQuestion,1,24
TaskUpdate,ToolSearch,1,24
ExitPlanMode,Bash,1,24
mcp__pd16dd1__create_epic,mcp__pd16dd1__create_epic,1,24
mcp__pd16dd1__get_chat_messages,Read,1,24
mcp__pf3c76d__get_branch_pipeline,mcp__pf3c76d__get_branch_pipeline,1,24
TodoWrite,mcp__p7cbdd1__browser_navigate,1,23
AskUserQuestion,TodoWrite,1,23
Write,Glob,1,23
mcp__pf3c76d__send_message,mcp__pf3c76d__send_message,1,23
WebSearch,ToolSearch,1,23
mcp__p7cbdd1__browser_type,mcp__p7cbdd1__browser_snapshot,1,23
mcp__p1b45fc__update_sheet_cells,mcp__p1b45fc__update_sheet_cells,1,23
mcp__p67cee4__create_merge_request,mcp__p67cee4__update_issue,1,22
mcp__p7cbdd1__browser_wait_for,Bash,1,22
WebSearch,Edit,1,22
mcp__pf3c76d__get_epics,ToolSearch,1,22
ToolSearch,Edit,1,22
AskUserQuestion,mcp__pd16dd1__create_issue,1,22
TodoWrite,mcp__pd16dd1__get_issues,1,22
mcp__pd16dd1__create_merge_request,TodoWrite,1,22
Read,mcp__pd16dd1__create_merge_request_comment,1,22
Read,Skill,1,22
mcp__pd16dd1__get_issue,TodoWrite,1,22
mcp__pf3c76d__create_issue_comment,mcp__pf3c76d__create_issue_comment,1,22
mcp__pf3c76d__get_meeting_transcript,mcp__pf3c76d__get_meeting_transcript,1,22
ExitPlanMode,TaskCreate,1,22
mcp__pd16dd1__get_branch_pipeline,mcp__pd16dd1__get_chat_messages,1,22
Bash,mcp__p3a04ae__create_issue,1,22
Skill,Read,1,21
Write,Agent,1,21
WebFetch,Glob,1,21
Bash,mcp__p7cbdd1__browser_snapshot,1,21
Glob,Edit,1,21
ToolSearch,mcp__pf3c76d__get_project_info,1,21
ExitPlanMode,ToolSearch,1,21
AskUserQuestion,Agent,1,21
mcp__pd2ddfd__computer,mcp__pd2ddfd__computer,1,21
mcp__p67cee4__update_issue,TodoWrite,1,20
mcp__p7cbdd1__browser_click,mcp__p7cbdd1__browser_navigate,1,20
Bash,mcp__p5ee74d__get_branch_pipeline,1,20
mcp__pd16dd1__get_merge_request_discussions,Read,1,20
TodoWrite,mcp__pd16dd1__get_merge_request_pipeline,1,20
mcp__pd16dd1__get_meeting_transcript,TodoWrite,1,20
mcp__pd16dd1__get_merge_request_discussions,Bash,1,20
mcp__pd16dd1__create_issue,TodoWrite,1,20
mcp__pd16dd1__create_merge_request,mcp__pd16dd1__update_issue,1,20
mcp__pd16dd1__get_merge_request_discussions,mcp__pd16dd1__create_merge_request_comment,1,20
AskUserQuestion,AskUserQuestion,1,20
mcp__pf3c76d__get_merge_requests,Bash,1,20
mcp__pf3c76d__get_merge_request_discussions,Read,1,20
mcp__pa07824__clickup_update_task,mcp__pa07824__clickup_update_task,1,20
TaskUpdate,Task,1,19
TaskList,Bash,1,19
mcp__pf3c76d__get_pipeline,mcp__pf3c76d__get_pipeline,1,18
mcp__p5ee74d__get_branch_pipeline,Bash,1,18
mcp__pd16dd1__get_issue,Bash,1,18
mcp__pf3c76d__create_merge_request_comment,Bash,1,18
mcp__pf3c76d__get_issues,Bash,1,18
mcp__p7cbdd1__browser_click,TodoWrite,1,18
mcp__pd16dd1__get_branch_pipeline,TodoWrite,1,18
mcp__pd16dd1__get_branch_pipeline,mcp__pd16dd1__get_branch_pipeline,1,18
Grep,TaskCreate,1,18
ToolSearch,mcp__pf3c76d__get_epics,1,18
ExitPlanMode,Write,1,18
mcp__p67cee4__create_issue,Bash,1,17
Agent,AskUserQuestion,1,17
Bash,mcp__p3a04ae__update_issue,1,17
Grep,WebSearch,1,16
mcp__p7cbdd1__browser_wait_for,mcp__p7cbdd1__browser_navigate,1,16
Bash,mcp__p8eb7a0__get_branch_pipeline,1,16
mcp__pf3c76d__create_issue,Skill,1,16
mcp__pf3c76d__get_pipeline,Read,1,16
mcp__pd16dd1__create_issue,Bash,1,16
mcp__pd16dd1__get_merge_requests,mcp__pd16dd1__get_merge_requests,1,16
Task,TaskCreate,1,16
Bash,mcp__pf3c76d__get_merge_requests,1,16
mcp__pd16dd1__get_meeting_notes,mcp__pd16dd1__get_meeting_transcript,1,16
TodoWrite,AskUserQuestion,1,16
ToolSearch,mcp__pf3c76d__get_messenger_chats,1,16
Bash,TaskList,1,16
mcp__pd16dd1__get_branch_pipeline,Edit,1,16
mcp__pf3c76d__update_issue,ToolSearch,1,16
mcp__pd16dd1__get_merge_request_pipeline,Edit,1,16
TaskOutput,Read,1,16
mcp__pf3c76d__create_issue_comment,mcp__pf3c76d__update_issue,1,16
mcp__p69428e__create_issue,mcp__p69428e__create_issue,1,16
ToolSearch,mcp__p3a04ae__update_issue,1,16
mcp__p0f36b0__update_issue,mcp__p0f36b0__update_issue,1,16
Bash,TaskStop,1,15
WebFetch,Grep,1,15
Task,TodoWrite,1,14
Read,EnterPlanMode,1,14
Grep,WebFetch,1,14
mcp__p7cbdd1__browser_snapshot,mcp__p7cbdd1__browser_navigate,1,14
mcp__p7cbdd1__browser_click,mcp__p7cbdd1__browser_take_screenshot,1,14
Task,Glob,1,14
mcp__pd16dd1__get_issues,Grep,1,14
mcp__pd16dd1__get_issues,TodoWrite,1,14
Grep,mcp__pd16dd1__create_issue,1,14
mcp__pd16dd1__create_issue,mcp__pd16dd1__get_issue,1,14
mcp__p7cbdd1__browser_click,mcp__p7cbdd1__browser_close,1,14
Bash,mcp__pf3c76d__create_issue,1,14
TodoWrite,mcp__pd16dd1__get_issue,1,14
Read,mcp__pd16dd1__create_issue,1,14
mcp__pd16dd1__update_issue,mcp__pd16dd1__create_issue_comment,1,14
ToolSearch,Write,1,14
mcp__pf3c76d__get_branch_pipeline,ToolSearch,1,14
mcp__p67cee4__search_meeting_notes,mcp__p67cee4__search_meeting_notes,1,13
ToolSearch,mcp__p67cee4__create_merge_request,1,13
mcp__p7cbdd1__browser_fill_form,mcp__p7cbdd1__browser_snapshot,1,13
mcp__p67cee4__get_messenger_chats,mcp__p67cee4__send_message,1,13
AskUserQuestion,ToolSearch,1,13
mcp__p8eb7a0__get_branch_pipeline,Bash,1,13
Task,EnterPlanMode,1,13
EnterPlanMode,Read,1,13
mcp__p7cbdd1__browser_fill_form,mcp__p7cbdd1__browser_click,1,13
TaskCreate,Read,1,13
mcp__pf3c76d__get_messenger_chats,mcp__pf3c76d__send_message,1,13
mcp__p7cbdd1__browser_click,mcp__p7cbdd1__browser_network_requests,1,13
mcp__pd2ddfd__tabs_context_mcp,mcp__pd2ddfd__tabs_context_mcp,1,13
ExitPlanMode,WebSearch,1,13
ExitPlanMode,ExitPlanMode,1,13
ToolSearch,mcp__p3a04ae__create_issue,1,13
mcp__p3a04ae__create_issue_comment,mcp__p3a04ae__create_issue_comment,1,13
Bash,mcp__p3a04ae__create_issue_comment,1,13
ToolSearch,Monitor,1,12
ToolSearch,mcp__p67cee4__create_issue,1,12
WebSearch,Grep,1,12
mcp__p891dec__get_meeting_notes,mcp__p891dec__get_meeting_notes,1,12
mcp__p7cbdd1__browser_console_messages,Bash,1,12
Bash,mcp__p67cee4__get_branch_pipeline,1,12
Grep,AskUserQuestion,1,12
WebFetch,TodoWrite,1,12
mcp__pf3c76d__get_job_logs,Grep,1,12
ToolSearch,Skill,1,12
mcp__pd16dd1__get_issue_relations,mcp__pd16dd1__get_issues,1,12
TodoWrite,mcp__pd16dd1__get_merge_requests,1,12
mcp__pd16dd1__get_merge_request_pipeline,Grep,1,12
mcp__pd16dd1__get_merge_request_pipeline,TodoWrite,1,12
Read,ExitPlanMode,1,12
mcp__pf3c76d__update_issue,Agent,1,12
mcp__pf3c76d__get_merge_request_discussions,mcp__pf3c76d__get_pipeline,1,12
mcp__pd16dd1__get_merge_request_diffs,Read,1,12
Bash,mcp__p7cbdd1__browser_evaluate,1,12
mcp__pf3c76d__create_issue_comment,ToolSearch,1,12
ToolSearch,mcp__pf3c76d__create_merge_request_comment,1,12
mcp__pf3c76d__create_merge_request,Read,1,12
mcp__pd16dd1__get_issues,Read,1,12
mcp__pd16dd1__create_issue,mcp__pd16dd1__link_issues,1,12
mcp__pd16dd1__get_issue,mcp__pd16dd1__get_issue,1,12
TodoWrite,mcp__pd16dd1__create_issue,1,12
mcp__p9e58dc__list_knowledge_base_docs,mcp__p9e58dc__list_knowledge_base_pages,1,12
mcp__pd16dd1__get_messenger_chats,mcp__pd16dd1__get_chat_messages,1,12
mcp__pd16dd1__update_issue,mcp__pd16dd1__get_issue,1,12
mcp__pf3c76d__update_issue,mcp__pf3c76d__create_issue_comment,1,12
mcp__p5ee74d__create_merge_request,mcp__p5ee74d__create_issue_comment,1,12
Edit,AskUserQuestion,1,12
mcp__p964188__link_issues,mcp__p964188__get_issue_relations,1,12
mcp__p964188__update_issue,mcp__p964188__get_issue_relations,1,12
mcp__p9846af__update_issue,mcp__p9846af__update_issue,1,12
mcp__p3a04ae__create_issue_comment,mcp__p3a04ae__update_issue,1,12
ToolSearch,mcp__p67cee4__update_issue,1,11
mcp__p67cee4__get_meeting_notes,mcp__p67cee4__get_meeting_transcript,1,11
Grep,Task,1,11
mcp__p67cee4__read_sheet_data,mcp__p67cee4__read_sheet_data,1,11
Bash,mcp__p67cee4__update_issue,1,11
Read,mcp__p7cbdd1__browser_navigate,1,11
mcp__p7cbdd1__browser_navigate,mcp__p7cbdd1__browser_console_messages,1,11
TodoWrite,mcp__p7cbdd1__browser_click,1,11
mcp__p7cbdd1__browser_navigate,Read,1,11
mcp__p7cbdd1__browser_click,mcp__p7cbdd1__browser_console_messages,1,11
mcp__p7cbdd1__browser_close,mcp__p7cbdd1__browser_navigate,1,11
mcp__p7cbdd1__browser_close,Bash,1,11
mcp__pf3c76d__get_merge_requests,ToolSearch,1,11
mcp__pf3c76d__get_job_logs,mcp__pf3c76d__get_pipeline,1,11
ExitPlanMode,AskUserQuestion,1,11
ExitPlanMode,Grep,1,11
WebSearch,Glob,1,11
TodoWrite,WebSearch,1,11
mcp__pf3c76d__send_message,ToolSearch,1,11
mcp__p11f8c4__read_sheet_data,mcp__p11f8c4__read_sheet_data,1,11
Grep,Skill,1,10
Task,ToolSearch,1,10
mcp__p67cee4__send_message,mcp__p67cee4__send_message,1,10
Bash,mcp__p67cee4__create_merge_request_comment,1,10
Bash,mcp__p7cbdd1__browser_network_requests,1,10
mcp__p7cbdd1__browser_network_requests,Bash,1,10
mcp__p67cee4__get_branch_pipeline,Bash,1,10
Edit,Task,1,10
mcp__p7cbdd1__browser_console_messages,mcp__p7cbdd1__browser_network_requests,1,10
mcp__pf3c76d__get_pipeline,ToolSearch,1,10
Grep,mcp__pf3c76d__get_job_logs,1,10
mcp__pd16dd1__get_issues,mcp__pd16dd1__get_issue_comments,1,10
mcp__pd16dd1__get_issues,Glob,1,10
mcp__pd16dd1__update_issue,Read,1,10
mcp__pf3c76d__get_issue_relations,mcp__pf3c76d__get_issue_comments,1,10
mcp__pf3c76d__get_merge_request_diffs,Bash,1,10
mcp__pd16dd1__get_issues,mcp__pd16dd1__get_epics,1,10
mcp__pd16dd1__get_merge_request_diffs,mcp__pd16dd1__get_branch_pipeline,1,10
Task,Skill,1,10
mcp__p7cbdd1__browser_wait_for,mcp__p7cbdd1__browser_network_requests,1,10
Read,mcp__pd16dd1__get_branch_pipeline,1,10
mcp__pf3c76d__get_job_logs,Agent,1,10
mcp__pf3c76d__create_merge_request_comment,Agent,1,10
mcp__pf3c76d__create_merge_request,Grep,1,10
mcp__pf3c76d__create_issue_comment,Agent,1,10
mcp__pcd9e51__get_issue_comments,mcp__pcd9e51__get_issue_comments,1,10
mcp__p11f8c4__get_meeting_notes,mcp__p11f8c4__get_meeting_transcript,1,10
TaskUpdate,TaskList,1,10
Bash,mcp__p5ee74d__update_issue,1,10
mcp__pf3c76d__create_merge_request_comment,mcp__pf3c76d__get_merge_request_discussions,1,10
mcp__p5ee74d__create_merge_request_comment,mcp__p5ee74d__create_merge_request_comment,1,10
mcp__pf3c76d__get_issue,Agent,1,10
Read,mcp__pf3c76d__get_merge_request_diffs,1,10
mcp__pf3c76d__get_merge_request_diffs,Read,1,10
mcp__pf3c76d__get_meeting_notes,mcp__pf3c76d__get_meeting_transcript,1,10
Agent,mcp__pf3c76d__update_issue,1,10
mcp__pd16dd1__get_branch_pipeline,mcp__pd16dd1__create_merge_request_comment,1,10
TodoWrite,mcp__pd16dd1__create_merge_request,1,10
mcp__p7cbdd1__browser_click,mcp__p7cbdd1__browser_fill_form,1,10
mcp__p7cbdd1__browser_evaluate,Bash,1,10
mcp__pd16dd1__get_merge_requests,mcp__pd16dd1__get_issues,1,10
WebSearch,TodoWrite,1,10
Bash,mcp__p4368a5__get_project_info,1,10
mcp__p964188__create_issue,mcp__p964188__create_issue,1,10
mcp__p964188__get_issue_relations,Bash,1,10
mcp__pd16dd1__get_chat_messages,TodoWrite,1,10
mcp__p964188__create_issue,mcp__p964188__link_issues,1,10
mcp__p964188__get_issue_relations,mcp__p964188__update_issue,1,10
mcp__p0f36b0__update_issue,Bash,1,10
mcp__p67cee4__create_merge_request,Bash,1,9
mcp__pf1a3f9__get_issues,mcp__pf1a3f9__get_issues,1,9
mcp__p67cee4__update_issue,Bash,1,9
mcp__p67cee4__create_merge_request_comment,TodoWrite,1,9
mcp__p891dec__search_meeting_notes,mcp__p891dec__search_meeting_notes,1,9
mcp__p7cbdd1__browser_take_screenshot,mcp__p7cbdd1__browser_click,1,9
mcp__p7cbdd1__browser_snapshot,Read,1,9
mcp__p7cbdd1__browser_take_screenshot,TodoWrite,1,9
mcp__p67cee4__send_message,Bash,1,9
Bash,mcp__pd2ddfd__tabs_context_mcp,1,9
Edit,WebFetch,1,9
ToolSearch,mcp__p8bceef__create_merge_request,1,9
TaskList,TaskUpdate,1,9
Agent,WebFetch,1,9
mcp__pf3c76d__get_issues,mcp__pf3c76d__create_issue,1,9
mcp__p7cbdd1__browser_close,Read,1,9
ToolSearch,TaskList,1,9
Edit,WebSearch,1,9
mcp__p18d1b3__create_issue,mcp__p18d1b3__create_issue,1,9
mcp__p18d1b3__link_issues,mcp__p18d1b3__link_issues,1,9
mcp__pd8e750__get_issues,mcp__pd8e750__get_issues,1,9
WebFetch,Write,1,9
ToolSearch,mcp__p3a04ae__get_issues,1,9
mcp__p67cee4__get_issue,Bash,1,8
ToolSearch,mcp__p67cee4__get_meeting_notes,1,8
mcp__p67cee4__get_merge_request_discussions,mcp__p67cee4__get_merge_request_pipeline,1,8
AskUserQuestion,EnterPlanMode,1,8
ToolSearch,mcp__p67cee4__get_messenger_chats,1,8
mcp__p7cbdd1__browser_snapshot,mcp__p7cbdd1__browser_type,1,8
AskUserQuestion,TaskCreate,1,8
KillShell,Bash,1,8
Glob,ToolSearch,1,8
mcp__p7cbdd1__browser_navigate,mcp__p7cbdd1__browser_navigate,1,8
mcp__pf3c76d__get_project_info,Grep,1,8
Grep,mcp__pf3c76d__create_issue,1,8
mcp__pf3c76d__get_merge_request_discussions,mcp__pf3c76d__get_branch_pipeline,1,8
Bash,mcp__p5ee74d__get_issue,1,8
mcp__pd16dd1__create_issue_comment,Bash,1,8
TodoWrite,mcp__pd16dd1__create_issue_comment,1,8
mcp__pd16dd1__get_issue_comments,mcp__pd16dd1__get_issue_relations,1,8
mcp__pd16dd1__get_merge_request_pipeline,mcp__pd16dd1__create_merge_request_comment,1,8
Bash,mcp__pd16dd1__get_issue,1,8
mcp__pf3c76d__get_epics,Read,1,8
mcp__pf3c76d__get_issues,mcp__pf3c76d__get_issue_relations,1,8
TodoWrite,Skill,1,8
mcp__pf3c76d__get_issue,ToolSearch,1,8
mcp__p7cbdd1__browser_navigate,mcp__p7cbdd1__browser_fill_form,1,8
mcp__pd16dd1__get_merge_request_discussions,mcp__pd16dd1__get_merge_request_diffs,1,8
Read,mcp__pd16dd1__get_merge_request_discussions,1,8
mcp__pd16dd1__get_issue_comments,TodoWrite,1,8
mcp__pd16dd1__get_issues,AskUserQuestion,1,8
mcp__pf3c76d__create_issue,mcp__pf3c76d__get_issues,1,8
mcp__pf3c76d__create_merge_request_comment,Read,1,8
mcp__pf3c76d__get_branch_pipeline,Agent,1,8
mcp__pf3c76d__update_issue,TaskUpdate,1,8
mcp__pf3c76d__get_merge_request_diffs,ToolSearch,1,8
mcp__pd16dd1__get_issues,Bash,1,8
Bash,mcp__pd16dd1__get_issues,1,8
mcp__p5ee74d__get_merge_request_discussions,mcp__p5ee74d__get_branch_pipeline,1,8
mcp__pd16dd1__get_epics,mcp__pd16dd1__get_issues,1,8
mcp__pd16dd1__get_issues,mcp__pd16dd1__link_issues,1,8
mcp__pd16dd1__get_issues,mcp__pd16dd1__update_issue,1,8
mcp__pcd9e51__create_issue,TodoWrite,1,8
mcp__pd16dd1__get_issue,mcp__pd16dd1__update_issue,1,8
mcp__p9e58dc__list_knowledge_base_pages,mcp__p9e58dc__get_knowledge_base_spaces,1,8
mcp__p9e58dc__get_knowledge_base_spaces,mcp__p9e58dc__create_knowledge_base_page,1,8
mcp__p9e58dc__get_knowledge_base_page,mcp__p9e58dc__create_knowledge_base_page,1,8
mcp__p9e58dc__create_knowledge_base_page,mcp__p9e58dc__update_knowledge_base_page,1,8
mcp__p7cbdd1__browser_network_requests,mcp__p7cbdd1__browser_click,1,8
mcp__pd16dd1__create_merge_request,Read,1,8
mcp__pf3c76d__get_branch_pipeline,Grep,1,8
mcp__p3b05f5__get_issues,mcp__p3b05f5__get_issues,1,8
mcp__p7cbdd1__browser_click,Glob,1,8
mcp__p7cbdd1__browser_navigate,mcp__p7cbdd1__browser_install,1,8
mcp__p7cbdd1__browser_install,mcp__p7cbdd1__browser_navigate,1,8
ToolSearch,mcp__p5ee74d__create_merge_request,1,8
mcp__pf3c76d__get_merge_request_discussions,mcp__pf3c76d__get_merge_request_discussions,1,8
mcp__pd16dd1__create_issue_comment,TaskUpdate,1,8
Bash,mcp__p5ee74d__create_merge_request,1,8
ToolSearch,mcp__pf3c76d__get_meeting_notes,1,8
mcp__pf3c76d__get_meeting_transcript,ToolSearch,1,8
mcp__pd16dd1__create_merge_request_comment,WebFetch,1,8
mcp__pd16dd1__link_issues,mcp__pd16dd1__get_issues,1,8
ToolSearch,mcp__pd16dd1__get_issues,1,8
TaskList,TaskCreate,1,8
mcp__pd16dd1__create_issue_comment,mcp__pd16dd1__update_issue,1,8
mcp__p4368a5__get_project_info,Bash,1,8
ToolSearch,mcp__pf3c76d__search_meeting_notes,1,8
mcp__p5ee74d__update_issue,Edit,1,8
mcp__pd16dd1__get_branch_pipeline,mcp__pd16dd1__get_merge_request_discussions,1,8
mcp__pf3c76d__get_merge_requests,mcp__pf3c76d__get_merge_requests,1,8
mcp__pd16dd1__get_branch_pipeline,mcp__pd16dd1__get_messenger_chats,1,8
mcp__pd16dd1__get_chat_messages,mcp__pd16dd1__get_branch_pipeline,1,8
mcp__pf3c76d__create_issue,Agent,1,8
Bash,mcp__pf3c76d__send_message,1,8
mcp__pf3c76d__get_epics,mcp__pf3c76d__create_issue,1,8
Edit,mcp__p0c7e74__add_issue_comment,1,8
mcp__p5ee74d__get_branch_pipeline,ToolSearch,1,8
WebFetch,Agent,1,8
ToolSearch,TodoWrite,1,8
Bash,mcp__p0f36b0__update_issue,1,8
mcp__p1b45fc__update_sheet_cells,mcp__p1b45fc__read_sheet_data,1,8
mcp__p7cbdd1__browser_snapshot,Grep,1,7
mcp__p67cee4__get_langfuse_traces,mcp__p67cee4__get_langfuse_traces,1,7
Bash,mcp__p67cee4__get_merge_request_discussions,1,7
TodoWrite,mcp__p67cee4__get_merge_request_discussions,1,7
mcp__p7cbdd1__browser_take_screenshot,mcp__p7cbdd1__browser_snapshot,1,7
Monitor,Read,1,7
WebFetch,ToolSearch,1,7
mcp__p67cee4__get_pipeline,Bash,1,7
mcp__p7cbdd1__browser_snapshot,mcp__p7cbdd1__browser_console_messages,1,7
mcp__p7cbdd1__browser_console_messages,Grep,1,7
mcp__p7cbdd1__browser_wait_for,mcp__p7cbdd1__browser_take_screenshot,1,7
TodoWrite,mcp__p67cee4__get_issue,1,7
Glob,WebFetch,1,7
mcp__pf3c76d__get_project_info,ToolSearch,1,7
TaskList,Read,1,7
ToolSearch,mcp__p8bceef__get_issues,1,7
mcp__p7cbdd1__browser_navigate,mcp__p7cbdd1__browser_close,1,7
AskUserQuestion,Glob,1,7
Monitor,TaskUpdate,1,7
mcp__p7cbdd1__browser_wait_for,TodoWrite,1,7
ExitPlanMode,Task,1,7
ToolSearch,mcp__pd8e750__get_issues,1,7
mcp__p11f8c4__create_knowledge_base_page,TaskUpdate,1,7
Read,mcp__p3a04ae__create_issue,1,7
mcp__p3a04ae__update_issue,Read,1,7
mcp__pd2ddfd__computer,Bash,1,7
mcp__p1b45fc__send_message,mcp__p1b45fc__send_message,1,7
mcp__pf1a3f9__update_sheet_cells,mcp__pf1a3f9__update_sheet_cells,1,6
Agent,Glob,1,6
mcp__pd2ddfd__tabs_context_mcp,ToolSearch,1,6
mcp__p67cee4__update_issue,ToolSearch,1,6
ToolSearch,mcp__p67cee4__get_pipeline,1,6
mcp__p67cee4__create_issue,ToolSearch,1,6
Bash,mcp__p67cee4__create_issue,1,6
TodoWrite,mcp__p67cee4__create_merge_request_comment,1,6
ToolSearch,mcp__p891dec__get_meeting_transcript,1,6
TodoWrite,mcp__p7cbdd1__browser_close,1,6
Read,mcp__p7cbdd1__browser_snapshot,1,6
mcp__p7cbdd1__browser_click,mcp__p7cbdd1__browser_press_key,1,6
mcp__p7cbdd1__browser_network_requests,Grep,1,6
mcp__p7cbdd1__browser_navigate,Grep,1,6
mcp__pf3c76d__get_issues,Grep,1,6
mcp__pf3c76d__get_issue_comments,Bash,1,6
ToolSearch,mcp__p8bceef__get_merge_request,1,6
mcp__pd16dd1__get_merge_request_discussions,mcp__pd16dd1__get_merge_requests,1,6
Read,mcp__pd16dd1__get_merge_request_pipeline,1,6
Task,TaskUpdate,1,6
mcp__pf3c76d__get_merge_requests,mcp__pf3c76d__get_merge_request_discussions,1,6
mcp__pd16dd1__get_epics,Grep,1,6
mcp__pd16dd1__update_issue,Bash,1,6
Read,TaskList,1,6
mcp__pf3c76d__create_issue_comment,Read,1,6
Bash,mcp__pf3c76d__get_merge_request_diffs,1,6
Read,mcp__pf3c76d__get_job_logs,1,6
mcp__pf3c76d__get_job_logs,Edit,1,6
Agent,Skill,1,6
Bash,mcp__pf3c76d__get_issues,1,6
mcp__pf3c76d__get_issues,mcp__pf3c76d__get_merge_requests,1,6
mcp__pf3c76d__update_issue,mcp__pf3c76d__get_issues,1,6
mcp__pd16dd1__get_issues,Task,1,6
Read,mcp__pd16dd1__get_merge_request_diffs,1,6
mcp__pd16dd1__get_merge_request_pipeline,mcp__pd16dd1__get_merge_request_pipeline,1,6
mcp__p7cbdd1__browser_evaluate,mcp__p7cbdd1__browser_evaluate,1,6
Grep,mcp__pd16dd1__get_branch_pipeline,1,6
Grep,mcp__pf3c76d__create_merge_request_comment,1,6
mcp__pf3c76d__get_job_logs,ToolSearch,1,6
mcp__pd16dd1__create_merge_request_comment,mcp__pd16dd1__get_merge_request_discussions,1,6
mcp__pf3c76d__get_issues,Skill,1,6
mcp__pf3c76d__get_merge_request_discussions,TaskCreate,1,6
mcp__p5ee74d__get_merge_requests,mcp__p5ee74d__get_merge_requests,1,6
Bash,mcp__p5ee74d__get_merge_request_discussions,1,6
Bash,mcp__p5ee74d__get_merge_requests,1,6
Read,mcp__pf3c76d__get_branch_pipeline,1,6
mcp__pd16dd1__get_merge_request_pipeline,mcp__pd16dd1__get_issues,1,6
mcp__pd16dd1__send_message,mcp__pd16dd1__send_message,1,6
Bash,mcp__pcd9e51__get_issues,1,6
mcp__pcd9e51__get_issues,Bash,1,6
Edit,Skill,1,6
mcp__pd16dd1__get_epics,mcp__pd16dd1__create_issue,1,6
mcp__pd16dd1__create_issue,mcp__pd16dd1__get_issues,1,6
mcp__pf3c76d__update_issue,TaskCreate,1,6
mcp__pf3c76d__get_pipeline,Grep,1,6
mcp__pd2ddfd__tabs_context_mcp,Read,1,6
ToolSearch,mcp__pf3c76d__get_merge_request_diffs,1,6
mcp__pf3c76d__update_issue,mcp__pf3c76d__get_issue,1,6
mcp__p7cbdd1__browser_wait_for,Edit,1,6
mcp__p7cbdd1__browser_wait_for,Grep,1,6
mcp__p7cbdd1__browser_snapshot,mcp__p7cbdd1__browser_take_screenshot,1,6
mcp__pd16dd1__get_branch_pipeline,Glob,1,6
mcp__pd16dd1__create_merge_request_comment,Grep,1,6
mcp__pd16dd1__get_branch_pipeline,WebFetch,1,6
mcp__p11f8c4__get_meeting_transcript,Read,1,6
Glob,AskUserQuestion,1,6
mcp__pf3c76d__create_issue_comment,Grep,1,6
Write,TaskCreate,1,6
Edit,TaskCreate,1,6
mcp__pd16dd1__get_issues,mcp__pd16dd1__get_meeting_transcript,1,6
mcp__pd16dd1__get_issue_comments,mcp__pd16dd1__get_meeting_transcript,1,6
Read,mcp__pd16dd1__get_issues,1,6
mcp__pd16dd1__create_merge_request_comment,Read,1,6
mcp__p7cbdd1__browser_click,mcp__p7cbdd1__browser_tabs,1,6
mcp__pd16dd1__send_message,mcp__pd16dd1__get_chat_messages,1,6
mcp__pd16dd1__get_chat_messages,mcp__pd16dd1__get_chat_messages,1,6
ToolSearch,mcp__p5ee74d__get_issues,1,6
mcp__p5ee74d__get_issues,mcp__p5ee74d__get_project_info,1,6
mcp__p5ee74d__get_project_info,mcp__p5ee74d__get_epics,1,6
mcp__p5ee74d__get_issue,Bash,1,6
WebSearch,Write,1,6
Bash,mcp__pf3c76d__get_issue,1,6
mcp__pf3c76d__create_issue_comment,Bash,1,6
mcp__p5ee74d__get_meeting_transcript,mcp__p5ee74d__get_meeting_transcript,1,6
mcp__p5ee74d__get_issue,mcp__p5ee74d__update_issue,1,6
mcp__pf3c76d__send_message,Bash,1,6
mcp__pf3c76d__get_merge_request_discussions,Grep,1,6
ToolSearch,mcp__pd16dd1__get_merge_request_discussions,1,6
TodoWrite,ExitPlanMode,1,6
mcp__pd16dd1__get_branch_pipeline,mcp__pd16dd1__get_merge_requests,1,6
Bash,mcp__p8f556d__create_merge_request_comment,1,6
mcp__pd16dd1__update_issue,TaskUpdate,1,6
Bash,mcp__p964188__get_project_info,1,6
TodoWrite,mcp__p964188__get_issues,1,6
mcp__p7cbdd1__browser_tabs,mcp__p7cbdd1__browser_snapshot,1,6
mcp__p964188__create_issue,mcp__p964188__get_issue,1,6
Glob,Agent,1,6
mcp__p5ee74d__get_issue_relations,mcp__p5ee74d__get_issue_comments,1,6
mcp__pf3c76d__search_meeting_notes,mcp__pf3c76d__get_meeting_transcript,1,6
Bash,mcp__p964188__get_issues,1,6
mcp__pd16dd1__get_issue_relations,mcp__pd16dd1__get_issue_relations,1,6
mcp__p964188__update_issue,mcp__p964188__update_issue,1,6
ToolSearch,mcp__p5ee74d__update_issue,1,6
mcp__p5ee74d__get_merge_requests,ToolSearch,1,6
mcp__pd16dd1__create_merge_request,mcp__pd16dd1__get_merge_request_pipeline,1,6
mcp__pd16dd1__get_merge_request_pipeline,Write,1,6
mcp__p0c7e74__add_issue_comment,ToolSearch,1,6
ToolSearch,mcp__p5ee74d__get_branch_pipeline,1,6
ToolSearch,mcp__p5ee74d__get_merge_requests,1,6
TodoWrite,mcp__pd16dd1__get_meeting_transcript,1,6
Bash,mcp__p9846af__create_merge_request,1,6
mcp__p9846af__get_merge_request_discussions,mcp__p9846af__get_merge_request_discussions,1,6
mcp__pd8e750__get_merge_request_discussions,mcp__pd8e750__get_pipeline,1,6
Bash,mcp__pd8e750__create_merge_request_comment,1,6
mcp__p11f8c4__create_issue,mcp__p11f8c4__create_issue,1,6
mcp__p11f8c4__get_meeting_transcript,mcp__p11f8c4__create_knowledge_base_page,1,6
Write,WebFetch,1,6
mcp__p3a04ae__create_issue,ToolSearch,1,6
mcp__p3a04ae__create_issue_comment,mcp__p3a04ae__create_issue,1,6
Edit,mcp__p3a04ae__create_issue,1,6
mcp__p3a04ae__update_issue,ToolSearch,1,6
ToolSearch,mcp__p0f36b0__create_issue,1,6
mcp__pf1a3f9__create_issue,mcp__pf1a3f9__create_issue,1,5
mcp__p67cee4__search_meeting_notes,mcp__p67cee4__get_meeting_transcript,1,5
ToolSearch,mcp__p67cee4__get_issues,1,5
mcp__pf1a3f9__get_merge_request_diffs,mcp__pf1a3f9__get_merge_request_diffs,1,5
ToolSearch,mcp__p67cee4__get_issue,1,5
Bash,mcp__p67cee4__get_issue,1,5
mcp__p67cee4__get_meeting_transcript,mcp__p67cee4__get_messenger_chats,1,5
Read,TaskOutput,1,5
mcp__p67cee4__get_merge_request_discussions,Read,1,5
mcp__pf24c07__search_chat_messages,mcp__pf24c07__search_chat_messages,1,5
mcp__p7cbdd1__browser_navigate,mcp__p7cbdd1__browser_type,1,5
Bash,mcp__p7cbdd1__browser_take_screenshot,1,5
Bash,mcp__p67cee4__get_pipeline,1,5
mcp__p7cbdd1__browser_click,mcp__p7cbdd1__browser_evaluate,1,5
Bash,KillShell,1,5
mcp__p7cbdd1__browser_press_key,mcp__p7cbdd1__browser_take_screenshot,1,5
mcp__p7cbdd1__browser_take_screenshot,Bash,1,5
mcp__p7cbdd1__browser_evaluate,mcp__p7cbdd1__browser_run_code,1,5
mcp__p7cbdd1__browser_run_code,Bash,1,5
mcp__p7cbdd1__browser_wait_for,mcp__p7cbdd1__browser_console_messages,1,5
Bash,mcp__p7cbdd1__browser_close,1,5
mcp__p67cee4__get_issue,Grep,1,5
AskUserQuestion,ExitPlanMode,1,5
mcp__p8bceef__get_issues,ToolSearch,1,5
ExitPlanMode,Skill,1,5
TaskUpdate,EnterPlanMode,1,5
TodoWrite,WebFetch,1,5
TaskCreate,Glob,1,5
TaskCreate,Write,1,5
mcp__p7cbdd1__browser_evaluate,mcp__p7cbdd1__browser_navigate,1,5
Grep,EnterPlanMode,1,5
WebSearch,AskUserQuestion,1,5
Read,mcp__p7cbdd1__browser_click,1,5
mcp__p8f556d__get_pipeline,Bash,1,5
mcp__p325230__create_merge_request_comment,mcp__p325230__create_merge_request_comment,1,5
mcp__p7cbdd1__browser_press_key,mcp__p7cbdd1__browser_wait_for,1,5
ExitPlanMode,Glob,1,5
ToolSearch,mcp__p0c7e74__get_issues,1,5
ToolSearch,mcp__p0c7e74__add_issue_comment,1,5
mcp__p0c7e74__add_issue_comment,mcp__p0c7e74__add_issue_comment,1,5
Bash,mcp__pd8e750__get_pipeline,1,5
mcp__pd8e750__get_pipeline,Bash,1,5
mcp__p11f8c4__update_sheet_cells,TodoWrite,1,5
TaskUpdate,mcp__p11f8c4__get_meeting_transcript,1,5
ToolSearch,mcp__p3a04ae__create_epic,1,5
mcp__p3a04ae__create_epic,mcp__p3a04ae__create_issue,1,5
Write,WebSearch,1,5
mcp__p3a04ae__create_issue,Write,1,5
ToolSearch,mcp__p3a04ae__create_issue_comment,1,5
mcp__p3a04ae__add_issue_comment,mcp__p3a04ae__update_issue,1,5
mcp__p3a04ae__update_issue,mcp__p3a04ae__add_issue_comment,1,5
mcp__p3a04ae__get_issues,mcp__p3a04ae__get_issues,1,5
mcp__p7cbdd1__browser_press_key,mcp__p7cbdd1__browser_snapshot,1,5
TaskUpdate,mcp__p1b45fc__update_sheet_cells,1,5
mcp__p1b45fc__read_sheet_data,mcp__p1b45fc__update_sheet_cells,1,5
Bash,Bash,2,76943
Read,Read,2,20606
Bash,Read,2,12546
Edit,Edit,2,12453
Read,Bash,2,11905
Edit,Bash,2,9365
Read,Edit,2,6948
Bash,Edit,2,5623
Grep,Read,2,5267
Grep,Grep,2,4886
Read,Grep,2,4768
Edit,Read,2,4102
Bash,Grep,2,3112
Glob,Read,2,2714
Grep,Bash,2,2624
Grep,Edit,2,2220
Write,Write,2,2163
Bash,TaskUpdate,2,1872
TaskCreate,TaskCreate,2,1733
Edit,Grep,2,1701
Bash,Write,2,1672
Write,Bash,2,1638
TaskUpdate,Bash,2,1614
Read,Glob,2,1571
Glob,Glob,2,1444
Write,Edit,2,1172
Edit,TaskUpdate,2,1157
Read,Write,2,1069
TaskUpdate,Read,2,981
TaskUpdate,Edit,2,952
WebFetch,WebFetch,2,899
WebSearch,WebSearch,2,894
Bash,ToolSearch,2,875
TaskUpdate,TaskUpdate,2,860
TodoWrite,Bash,2,858
Bash,TodoWrite,2,827
Glob,Bash,2,804
Glob,Grep,2,721
Bash,Glob,2,709
Write,Read,2,683
Read,TodoWrite,2,584
Grep,Glob,2,557
TodoWrite,Read,2,535
Edit,Write,2,519
Edit,TodoWrite,2,514
Bash,Agent,2,508
TodoWrite,Edit,2,495
TaskCreate,TaskUpdate,2,495
ToolSearch,Bash,2,483
mcp__p891dec__get_meeting_transcript,mcp__p891dec__get_meeting_transcript,2,442
TodoWrite,TodoWrite,2,440
TaskUpdate,Write,2,393
Bash,TaskCreate,2,382
Agent,Bash,2,362
WebSearch,WebFetch,2,351
Write,TaskUpdate,2,335
ToolSearch,ToolSearch,2,332
Read,TaskUpdate,2,332
Bash,WebFetch,2,266
WebFetch,WebSearch,2,260
Agent,Read,2,248
TaskUpdate,Grep,2,248
WebFetch,Bash,2,245
Task,Read,2,237
mcp__pd16dd1__get_meeting_transcript,mcp__pd16dd1__get_meeting_transcript,2,236
mcp__p7cbdd1__browser_click,mcp__p7cbdd1__browser_click,2,232
Grep,Write,2,227
Bash,mcp__pd16dd1__get_branch_pipeline,2,220
mcp__pf3c76d__get_branch_pipeline,mcp__pf3c76d__get_branch_pipeline,2,200
Edit,Glob,2,183
TaskOutput,Bash,2,180
TaskCreate,Read,2,180
Bash,mcp__p7cbdd1__browser_navigate,2,178
Bash,TaskOutput,2,168
ToolSearch,Read,2,164
Bash,WebSearch,2,162
Glob,Edit,2,161
mcp__pd16dd1__get_branch_pipeline,mcp__pd16dd1__get_branch_pipeline,2,160
Bash,AskUserQuestion,2,157
Agent,Agent,2,156
Bash,Task,2,156
TaskCreate,Bash,2,155
Read,ToolSearch,2,149
Write,TodoWrite,2,144
Read,TaskCreate,2,144
mcp__pf3c76d__create_merge_request_comment,mcp__pf3c76d__create_merge_request_comment,2,144
Bash,mcp__pf3c76d__create_merge_request,2,142
ToolSearch,TaskCreate,2,136
mcp__pd16dd1__create_merge_request_comment,mcp__pd16dd1__create_merge_request_comment,2,136
TodoWrite,Write,2,133
mcp__p7cbdd1__browser_navigate,mcp__p7cbdd1__browser_click,2,132
Write,Grep,2,132
Read,ExitPlanMode,2,130
Bash,mcp__pf3c76d__get_pipeline,2,127
TodoWrite,Glob,2,126
Grep,TaskUpdate,2,126
Bash,mcp__pd16dd1__get_merge_request_discussions,2,126
Bash,mcp__pf3c76d__get_branch_pipeline,2,124
Bash,mcp__pd16dd1__create_merge_request_comment,2,122
Glob,Write,2,121
Grep,TodoWrite,2,118
TodoWrite,Grep,2,115
Bash,mcp__pd16dd1__create_merge_request,2,114
mcp__pf3c76d__get_pipeline,Bash,2,113
Read,Agent,2,112
mcp__pd16dd1__get_branch_pipeline,Bash,2,112
AskUserQuestion,Bash,2,111
WebSearch,Bash,2,110
mcp__p11f8c4__get_meeting_transcript,mcp__p11f8c4__get_meeting_transcript,2,109
WebFetch,Read,2,108
mcp__p7cbdd1__browser_click,Bash,2,106
Edit,ExitPlanMode,2,106
Agent,Grep,2,105
Task,Task,2,102
ToolSearch,Agent,2,100
ExitPlanMode,Edit,2,98
Skill,Bash,2,97
Edit,Agent,2,95
Monitor,Bash,2,94
ToolSearch,Grep,2,94
Bash,mcp__pf3c76d__get_job_logs,2,92
Read,Task,2,90
Bash,Monitor,2,88
AskUserQuestion,Read,2,86
TaskUpdate,TaskCreate,2,84
mcp__pd16dd1__get_merge_request_pipeline,mcp__pd16dd1__get_merge_request_pipeline,2,84
Agent,ToolSearch,2,83
Grep,ToolSearch,2,83
Bash,Skill,2,83
Bash,mcp__p7cbdd1__browser_wait_for,2,82
Agent,Write,2,79
mcp__p7cbdd1__browser_wait_for,mcp__p7cbdd1__browser_click,2,78
mcp__pd16dd1__get_merge_request_discussions,Read,2,78
mcp__pd16dd1__get_issues,mcp__pd16dd1__get_issues,2,78
Read,AskUserQuestion,2,77
mcp__p7cbdd1__browser_snapshot,mcp__p7cbdd1__browser_click,2,76
Bash,mcp__pd16dd1__get_merge_request_pipeline,2,76
mcp__pd16dd1__get_branch_pipeline,Read,2,76
TaskCreate,ToolSearch,2,75
Bash,mcp__p7cbdd1__browser_snapshot,2,74
mcp__p7cbdd1__browser_click,mcp__p7cbdd1__browser_snapshot,2,73
Task,Bash,2,73
Agent,Edit,2,72
Bash,mcp__pd16dd1__update_issue,2,72
Agent,TaskCreate,2,70
mcp__pf3c76d__get_job_logs,mcp__pf3c76d__get_job_logs,2,68
Bash,mcp__pd16dd1__get_merge_requests,2,68
Read,WebSearch,2,67
mcp__p67cee4__get_meeting_transcript,mcp__p67cee4__get_meeting_transcript,2,66
mcp__pd2ddfd__tabs_context_mcp,Bash,2,66
mcp__pd16dd1__get_merge_request_discussions,mcp__pd16dd1__get_merge_request_discussions,2,66
mcp__p7cbdd1__browser_navigate,Bash,2,65
Edit,ToolSearch,2,65
mcp__pf3c76d__get_issues,mcp__pf3c76d__get_issues,2,65
ToolSearch,WebSearch,2,64
mcp__p11f8c4__update_sheet_cells,mcp__p11f8c4__update_sheet_cells,2,64
Write,ExitPlanMode,2,63
ExitPlanMode,Read,2,63
Bash,mcp__pd2ddfd__tabs_context_mcp,2,62
ScheduleWakeup,Bash,2,62
Bash,mcp__pf3c76d__create_merge_request_comment,2,60
ToolSearch,WebFetch,2,59
TaskCreate,Edit,2,59
Read,WebFetch,2,58
TaskUpdate,Agent,2,58
Bash,mcp__pf3c76d__update_issue,2,58
mcp__pd16dd1__create_merge_request_comment,Bash,2,58
mcp__pf3c76d__create_issue,mcp__pf3c76d__create_issue,2,58
Bash,EnterPlanMode,2,57
WebSearch,Read,2,56
mcp__p3a04ae__create_issue,mcp__p3a04ae__create_issue,2,55
mcp__pd16dd1__get_merge_requests,TodoWrite,2,54
mcp__pd16dd1__create_merge_request_comment,TodoWrite,2,54
mcp__pf3c76d__get_job_logs,Bash,2,54
mcp__pf3c76d__get_branch_pipeline,Bash,2,54
Bash,ScheduleWakeup,2,54
ExitPlanMode,ExitPlanMode,2,54
mcp__pd8e750__update_issue,mcp__pd8e750__update_issue,2,54
ToolSearch,Edit,2,53
WebFetch,Edit,2,53
ToolSearch,mcp__pf3c76d__get_issues,2,53
Write,Glob,2,52
Bash,mcp__pd16dd1__create_issue_comment,2,52
mcp__pd8e750__add_issue_comment,mcp__pd8e750__add_issue_comment,2,52
mcp__p7cbdd1__browser_snapshot,Bash,2,51
TaskUpdate,Glob,2,51
mcp__p7cbdd1__browser_type,mcp__p7cbdd1__browser_click,2,50
mcp__pd16dd1__get_merge_request_pipeline,Bash,2,50
TodoWrite,mcp__pd16dd1__create_merge_request_comment,2,50
Agent,TaskUpdate,2,49
Bash,mcp__p3a04ae__create_issue,2,48
mcp__p3a04ae__create_issue,Bash,2,48
ToolSearch,TaskUpdate,2,46
Glob,TodoWrite,2,46
Task,Write,2,46
mcp__pd16dd1__create_merge_request,TodoWrite,2,46
mcp__p5ee74d__create_issue_comment,mcp__p5ee74d__create_issue_comment,2,46
TaskCreate,Write,2,45
Task,Grep,2,43
mcp__pd16dd1__get_merge_request_discussions,TodoWrite,2,42
Bash,mcp__pf3c76d__get_merge_request_discussions,2,42
mcp__p5ee74d__get_issue,mcp__p5ee74d__get_issue,2,42
Bash,mcp__p67cee4__create_merge_request,2,41
ExitPlanMode,Bash,2,41
mcp__p7cbdd1__browser_click,Grep,2,41
ExitPlanMode,TaskCreate,2,41
Bash,mcp__p7cbdd1__browser_click,2,40
EnterPlanMode,Task,2,40
mcp__pd16dd1__get_issues,mcp__pd16dd1__get_issue_comments,2,40
mcp__pd16dd1__get_issue_relations,Bash,2,40
TodoWrite,mcp__pd16dd1__get_merge_request_discussions,2,40
mcp__pf3c76d__get_branch_pipeline,Read,2,40
Grep,TaskCreate,2,40
mcp__pd16dd1__get_merge_request_discussions,Bash,2,40
mcp__p7cbdd1__browser_navigate,mcp__p7cbdd1__browser_navigate,2,39
Skill,mcp__pf3c76d__get_issues,2,38
mcp__pf3c76d__get_job_logs,Read,2,38
mcp__pd16dd1__update_issue,Read,2,38
mcp__pf3c76d__get_pipeline,mcp__pf3c76d__get_pipeline,2,38
mcp__pf3c76d__update_issue,Bash,2,38
mcp__pd16dd1__update_issue,mcp__pd16dd1__update_issue,2,38
Task,Edit,2,36
mcp__p7cbdd1__browser_click,mcp__p7cbdd1__browser_type,2,36
AskUserQuestion,Edit,2,36
Grep,Agent,2,36
mcp__pd16dd1__get_branch_pipeline,Edit,2,36
mcp__p5ee74d__get_issues,mcp__p5ee74d__get_issues,2,36
Bash,mcp__pd16dd1__get_chat_messages,2,36
mcp__p3a04ae__update_issue,Bash,2,36
TaskUpdate,ToolSearch,2,33
Bash,mcp__pf3c76d__get_merge_requests,2,33
WebSearch,Edit,2,33
EnterPlanMode,Agent,2,32
AskUserQuestion,ExitPlanMode,2,32
mcp__pd16dd1__get_merge_request_pipeline,Read,2,32
mcp__pd16dd1__create_merge_request_comment,mcp__pd16dd1__get_merge_request_discussions,2,32
TodoWrite,mcp__pd16dd1__get_merge_requests,2,32
mcp__pf3c76d__get_merge_request_discussions,Bash,2,32
Edit,WebSearch,2,32
mcp__pf3c76d__update_issue,mcp__pf3c76d__update_issue,2,32
mcp__pcd9e51__update_issue,mcp__pcd9e51__update_issue,2,32
mcp__pd16dd1__create_issue,mcp__pd16dd1__create_issue,2,32
mcp__pd16dd1__get_branch_pipeline,TaskOutput,2,32
mcp__pf3c76d__create_merge_request,Bash,2,32
mcp__p9846af__create_issue,mcp__p9846af__create_issue,2,32
mcp__pd8e750__create_merge_request_comment,mcp__pd8e750__create_merge_request_comment,2,32
mcp__p67cee4__update_sheet_cells,mcp__p67cee4__update_sheet_cells,2,31
Grep,AskUserQuestion,2,31
mcp__pf3c76d__get_issues,Bash,2,31
Bash,mcp__pf3c76d__create_issue,2,31
EnterPlanMode,Read,2,31
TaskCreate,Grep,2,31
mcp__p7cbdd1__browser_click,Read,2,30
mcp__pf3c76d__get_pipeline,mcp__pf3c76d__get_job_logs,2,30
mcp__pf3c76d__get_issues,ToolSearch,2,30
Read,mcp__pd16dd1__create_issue,2,30
mcp__pd16dd1__get_issue,Bash,2,30
mcp__pd16dd1__get_branch_pipeline,Grep,2,30
Bash,mcp__p3a04ae__update_issue,2,30
Read,mcp__p7cbdd1__browser_navigate,2,29
mcp__pf3c76d__create_issue,Bash,2,29
Write,ToolSearch,2,29
mcp__p11f8c4__update_sheet_cells,mcp__p11f8c4__read_sheet_data,2,29
Task,AskUserQuestion,2,28
mcp__pf3c76d__get_merge_request_discussions,Read,2,28
mcp__pf3c76d__get_job_logs,Grep,2,28
mcp__pf3c76d__update_issue,Read,2,28
Read,mcp__pd16dd1__create_merge_request_comment,2,28
mcp__pf3c76d__get_issues,mcp__pf3c76d__get_epics,2,28
mcp__pf3c76d__create_merge_request_comment,Bash,2,28
ToolSearch,Write,2,27
mcp__p7cbdd1__browser_click,mcp__p7cbdd1__browser_wait_for,2,27
Write,Agent,2,27
mcp__p0f36b0__create_issue,mcp__p0f36b0__create_issue,2,27
Edit,Monitor,2,26
Grep,Task,2,26
Bash,mcp__p67cee4__update_issue,2,26
Edit,mcp__p7cbdd1__browser_navigate,2,26
ToolSearch,mcp__pf3c76d__get_project_info,2,26
Edit,mcp__pf3c76d__get_pipeline,2,26
TodoWrite,mcp__pd16dd1__get_merge_request_pipeline,2,26
ToolSearch,mcp__pf3c76d__get_pipeline,2,26
mcp__pd16dd1__update_issue,Bash,2,26
mcp__pd16dd1__get_issues,mcp__pd16dd1__get_epics,2,26
mcp__pcd9e51__create_issue,mcp__pcd9e51__create_issue,2,26
mcp__p5ee74d__update_issue,mcp__p5ee74d__update_issue,2,26
Bash,TaskStop,2,25
mcp__p67cee4__create_issue,mcp__p67cee4__create_issue,2,25
WebFetch,Grep,2,25
Task,ExitPlanMode,2,25
AskUserQuestion,Write,2,25
Edit,WebFetch,2,24
mcp__pf3c76d__get_project_info,ToolSearch,2,24
mcp__pd16dd1__create_issue,Bash,2,24
mcp__pd16dd1__update_issue,TodoWrite,2,24
mcp__pd16dd1__get_merge_request_discussions,Glob,2,24
mcp__pf3c76d__create_merge_request,Read,2,24
mcp__pf3c76d__get_pipeline,Read,2,24
mcp__pd16dd1__get_meeting_notes,mcp__pd16dd1__get_meeting_transcript,2,24
TodoWrite,mcp__pd16dd1__get_branch_pipeline,2,24
WebSearch,ToolSearch,2,24
Bash,TaskList,2,24
mcp__p11f8c4__read_sheet_data,mcp__p11f8c4__update_sheet_cells,2,24
Edit,Task,2,23
WebFetch,Glob,2,23
mcp__p67cee4__get_issues,mcp__p67cee4__get_issues,2,23
mcp__p7cbdd1__browser_click,mcp__p7cbdd1__browser_navigate,2,23
mcp__p7cbdd1__browser_wait_for,Bash,2,23
mcp__pf3c76d__create_issue,ToolSearch,2,23
Edit,mcp__p7cbdd1__browser_wait_for,2,23
Edit,TaskCreate,2,23
mcp__p7cbdd1__browser_click,TodoWrite,2,22
mcp__p7cbdd1__browser_wait_for,mcp__p7cbdd1__browser_wait_for,2,22
mcp__pf3c76d__create_merge_request,mcp__pf3c76d__create_issue_comment,2,22
mcp__pd16dd1__get_issues,mcp__pd16dd1__get_issue_relations,2,22
mcp__pd16dd1__get_merge_request_pipeline,Edit,2,22
ToolSearch,mcp__pf3c76d__create_issue,2,22
ToolSearch,mcp__pf3c76d__update_issue,2,22
mcp__pf3c76d__create_issue_comment,mcp__pf3c76d__create_issue_comment,2,22
mcp__pd16dd1__get_chat_messages,mcp__pd16dd1__get_chat_messages,2,22
mcp__pd16dd1__get_chat_messages,Read,2,22
mcp__p1b45fc__update_sheet_cells,mcp__p1b45fc__update_sheet_cells,2,22
Glob,ToolSearch,2,21
mcp__p7cbdd1__browser_snapshot,Grep,2,21
mcp__p7cbdd1__browser_snapshot,mcp__p7cbdd1__browser_snapshot,2,21
AskUserQuestion,Grep,2,21
Bash,mcp__pf3c76d__get_issues,2,21
TaskOutput,TaskOutput,2,21
mcp__p7cbdd1__browser_fill_form,mcp__p7cbdd1__browser_click,2,20
TaskStop,Bash,2,20
Edit,Skill,2,20
mcp__pf3c76d__get_merge_requests,Bash,2,20
mcp__pf3c76d__get_branch_pipeline,Edit,2,20
ToolSearch,mcp__pf3c76d__get_job_logs,2,20
ToolSearch,Skill,2,20
mcp__pd16dd1__get_merge_requests,mcp__pd16dd1__get_merge_request_discussions,2,20
mcp__pd16dd1__get_meeting_transcript,TodoWrite,2,20
mcp__pf3c76d__get_issue,mcp__pf3c76d__get_issue,2,20
mcp__pd16dd1__create_merge_request_comment,Read,2,20
mcp__pd16dd1__link_issues,mcp__pd16dd1__link_issues,2,20
mcp__pf3c76d__get_issue,Bash,2,20
mcp__pf3c76d__create_issue,mcp__pf3c76d__update_issue,2,20
mcp__pd16dd1__create_epic,mcp__pd16dd1__create_epic,2,20
Edit,mcp__pd16dd1__get_merge_request_pipeline,2,20
mcp__pd16dd1__get_chat_messages,Edit,2,20
mcp__p11f8c4__read_sheet_data,mcp__p11f8c4__read_sheet_data,2,20
mcp__p11f8c4__create_knowledge_base_page,mcp__p11f8c4__create_knowledge_base_page,2,20
Agent,Glob,2,19
mcp__p67cee4__create_merge_request_comment,mcp__p67cee4__create_merge_request_comment,2,19
WebSearch,Glob,2,19
TodoWrite,Task,2,19
mcp__p7cbdd1__browser_navigate,mcp__p7cbdd1__browser_snapshot,2,19
mcp__pf3c76d__get_issues,mcp__pf3c76d__create_issue,2,19
ExitPlanMode,Write,2,19
mcp__p8f556d__create_merge_request_comment,mcp__p8f556d__create_merge_request_comment,2,19
Bash,mcp__pf3c76d__create_issue_comment,2,18
mcp__pf3c76d__get_job_logs,Edit,2,18
mcp__pd16dd1__get_issues,Grep,2,18
mcp__pd16dd1__get_issue_comments,Bash,2,18
mcp__pd16dd1__create_issue_comment,mcp__pd16dd1__get_merge_request_discussions,2,18
mcp__pd16dd1__get_merge_request_discussions,mcp__pd16dd1__get_issues,2,18
Skill,mcp__pd16dd1__get_issues,2,18
mcp__pd16dd1__get_issues,Glob,2,18
mcp__pf3c76d__create_merge_request_comment,mcp__pf3c76d__get_merge_request_discussions,2,18
WebFetch,Write,2,18
mcp__pd16dd1__get_merge_request_discussions,mcp__pd16dd1__create_merge_request_comment,2,18
TodoWrite,mcp__pd16dd1__update_issue,2,18
Skill,mcp__pd16dd1__get_project_info,2,18
mcp__pd16dd1__get_project_info,AskUserQuestion,2,18
Grep,WebSearch,2,18
Agent,ExitPlanMode,2,18
mcp__pf3c76d__create_merge_request_comment,Read,2,18
mcp__pa07824__clickup_update_task,mcp__pa07824__clickup_update_task,2,18
Read,Skill,2,18
Write,TaskCreate,2,18
mcp__pf3c76d__get_merge_request_diffs,mcp__pf3c76d__get_merge_request_diffs,2,18
mcp__pf3c76d__get_branch_pipeline,Grep,2,18
ScheduleWakeup,ScheduleWakeup,2,18
Skill,Read,2,17
mcp__p7cbdd1__browser_navigate,Read,2,17
mcp__p7cbdd1__browser_console_messages,Bash,2,17
Skill,Grep,2,17
mcp__p7cbdd1__browser_evaluate,Bash,2,17
WebSearch,Grep,2,17
Task,TaskCreate,2,17
mcp__pf3c76d__get_messenger_chats,mcp__pf3c76d__send_message,2,17
TaskList,Bash,2,17
ToolSearch,Glob,2,16
TaskOutput,Read,2,16
mcp__p7cbdd1__browser_navigate,Grep,2,16
Grep,mcp__p7cbdd1__browser_navigate,2,16
AskUserQuestion,TodoWrite,2,16
mcp__pf3c76d__create_issue,mcp__pf3c76d__get_issues,2,16
mcp__pd16dd1__create_issue_comment,Bash,2,16
mcp__pd16dd1__get_issues,TodoWrite,2,16
Grep,mcp__pd16dd1__create_issue,2,16
TaskUpdate,Task,2,16
ToolSearch,mcp__pf3c76d__create_issue_comment,2,16
Read,mcp__pf3c76d__get_merge_request_diffs,2,16
Bash,mcp__p7cbdd1__browser_evaluate,2,16
mcp__pf3c76d__create_merge_request,ToolSearch,2,16
Bash,mcp__pd16dd1__get_issues,2,16
Bash,mcp__p5ee74d__get_branch_pipeline,2,16
ExitPlanMode,AskUserQuestion,2,16
Edit,mcp__pd16dd1__get_branch_pipeline,2,16
AskUserQuestion,Glob,2,16
mcp__pd16dd1__get_merge_requests,Bash,2,16
Bash,mcp__p5ee74d__create_merge_request,2,16
mcp__pf3c76d__update_issue,mcp__pf3c76d__create_issue_comment,2,16
mcp__p67cee4__get_meeting_notes,mcp__p67cee4__get_meeting_transcript,2,15
mcp__p67cee4__update_issue,Bash,2,15
Grep,ExitPlanMode,2,15
Bash,mcp__p7cbdd1__browser_type,2,15
Bash,mcp__p7cbdd1__browser_console_messages,2,15
Task,Glob,2,15
AskUserQuestion,Task,2,15
Write,AskUserQuestion,2,15
mcp__p7cbdd1__browser_wait_for,mcp__p7cbdd1__browser_snapshot,2,15
mcp__p3a04ae__update_issue,mcp__p3a04ae__update_issue,2,15
Bash,mcp__p67cee4__create_merge_request_comment,2,14
mcp__p7cbdd1__browser_close,Bash,2,14
mcp__p67cee4__send_message,Bash,2,14
ToolSearch,mcp__pd2ddfd__tabs_context_mcp,2,14
mcp__p7cbdd1__browser_wait_for,mcp__p7cbdd1__browser_navigate,2,14
WebFetch,TodoWrite,2,14
TaskOutput,Edit,2,14
ToolSearch,mcp__pf3c76d__get_merge_request_discussions,2,14
Bash,mcp__p5ee74d__get_issue,2,14
mcp__pf3c76d__get_issues,mcp__pf3c76d__get_project_info,2,14
mcp__pd16dd1__create_merge_request_comment,mcp__pd16dd1__get_merge_requests,2,14
Read,mcp__pd16dd1__get_issues,2,14
mcp__pd16dd1__get_merge_request_discussions,mcp__pd16dd1__get_branch_pipeline,2,14
Read,mcp__pd16dd1__get_branch_pipeline,2,14
ToolSearch,mcp__pf3c76d__get_branch_pipeline,2,14
mcp__pd16dd1__get_issues,mcp__pd16dd1__link_issues,2,14
ToolSearch,mcp__pf3c76d__send_message,2,14
Grep,EnterPlanMode,2,14
mcp__pf3c76d__get_merge_request_diffs,ToolSearch,2,14
TodoWrite,mcp__pd16dd1__create_merge_request,2,14
mcp__p7cbdd1__browser_type,mcp__p7cbdd1__browser_snapshot,2,14
ExitPlanMode,WebSearch,2,14
Agent,mcp__pf3c76d__update_issue,2,14
mcp__p69428e__create_issue,mcp__p69428e__create_issue,2,14
ToolSearch,mcp__p3a04ae__update_issue,2,14
mcp__p3a04ae__create_issue,Read,2,14
Bash,mcp__p3a04ae__create_issue_comment,2,14
mcp__p67cee4__create_issue,Bash,2,13
ToolSearch,TaskOutput,2,13
Skill,ToolSearch,2,13
mcp__p7cbdd1__browser_navigate,mcp__p7cbdd1__browser_take_screenshot,2,13
TodoWrite,mcp__p7cbdd1__browser_wait_for,2,13
Read,EnterPlanMode,2,13
TodoWrite,AskUserQuestion,2,13
TaskCreate,Glob,2,13
mcp__p7cbdd1__browser_click,mcp__p7cbdd1__browser_close,2,13
Agent,WebSearch,2,13
AskUserQuestion,AskUserQuestion,2,13
mcp__pd2ddfd__computer,mcp__pd2ddfd__computer,2,13
Write,WebSearch,2,13
TodoWrite,WebSearch,2,13
mcp__p7cbdd1__browser_click,mcp__p7cbdd1__browser_network_requests,2,13
Bash,mcp__pd8e750__create_merge_request_comment,2,13
mcp__p11f8c4__create_knowledge_base_page,TaskUpdate,2,13
mcp__p67cee4__create_merge_request,Bash,2,12
Edit,AskUserQuestion,2,12
mcp__p7cbdd1__browser_click,mcp__p7cbdd1__browser_console_messages,2,12
Grep,Skill,2,12
Task,WebFetch,2,12
mcp__p7cbdd1__browser_network_requests,Bash,2,12
Bash,mcp__p8eb7a0__get_branch_pipeline,2,12
mcp__pf3c76d__get_issues,Grep,2,12
AskUserQuestion,ToolSearch,2,12
ToolSearch,mcp__pf3c76d__get_merge_requests,2,12
Read,mcp__pf3c76d__get_job_logs,2,12
mcp__pf3c76d__get_epics,mcp__pf3c76d__create_issue,2,12
mcp__pd16dd1__get_issues,mcp__pd16dd1__update_issue,2,12
Read,mcp__pd16dd1__get_merge_request_pipeline,2,12
mcp__pd16dd1__create_merge_request,mcp__pd16dd1__create_issue_comment,2,12
mcp__pf3c76d__get_pipeline,Edit,2,12
mcp__pd16dd1__create_merge_request,Read,2,12
ToolSearch,mcp__pf3c76d__create_merge_request_comment,2,12
mcp__pd16dd1__get_issues,Bash,2,12
mcp__p5ee74d__get_branch_pipeline,mcp__p5ee74d__get_branch_pipeline,2,12
mcp__pf3c76d__create_merge_request,Grep,2,12
mcp__pd16dd1__create_issue,TodoWrite,2,12
mcp__pd16dd1__get_meeting_transcript,mcp__pd16dd1__get_issues,2,12
mcp__pd16dd1__create_issue,mcp__pd16dd1__link_issues,2,12
mcp__pf3c76d__create_issue_comment,Read,2,12
mcp__p5ee74d__get_issue,Bash,2,12
Bash,mcp__p5ee74d__update_issue,2,12
ToolSearch,mcp__pf3c76d__get_issue,2,12
ToolSearch,mcp__pf3c76d__get_meeting_transcript,2,12
mcp__pf3c76d__get_meeting_transcript,mcp__pf3c76d__get_meeting_transcript,2,12
mcp__pf3c76d__get_issue,Agent,2,12
Agent,mcp__pf3c76d__create_issue,2,12
Bash,mcp__p4368a5__get_project_info,2,12
mcp__p964188__create_issue,mcp__p964188__get_issue_relations,2,12
mcp__p964188__get_issue_relations,mcp__p964188__get_issue_relations,2,12
Bash,mcp__p964188__update_issue,2,12
ToolSearch,mcp__pf3c76d__get_messenger_chats,2,12
mcp__p0c7e74__add_issue_comment,Bash,2,12
mcp__p3a04ae__create_issue,Edit,2,12
mcp__pd2ddfd__computer,Bash,2,12
Bash,mcp__p0f36b0__update_issue,2,12
mcp__p0f36b0__update_issue,mcp__p0f36b0__update_issue,2,12
mcp__p7cbdd1__browser_click,mcp__p7cbdd1__browser_fill_form,2,11
mcp__p67cee4__create_merge_request,TodoWrite,2,11
AskUserQuestion,TaskCreate,2,11
Glob,Task,2,11
mcp__p7cbdd1__browser_snapshot,mcp__p7cbdd1__browser_navigate,2,11
mcp__p11f8c4__get_meeting_notes,mcp__p11f8c4__get_meeting_transcript,2,11
WebSearch,Write,2,11
WebSearch,TodoWrite,2,11
Bash,mcp__p8f556d__create_merge_request_comment,2,11
TaskUpdate,mcp__p11f8c4__get_meeting_transcript,2,11
Monitor,Read,2,10
mcp__p67cee4__search_meeting_notes,mcp__p67cee4__get_meeting_transcript,2,10
mcp__p67cee4__get_issues,mcp__p67cee4__create_issue,2,10
mcp__p67cee4__update_issue,Read,2,10
ToolSearch,mcp__p67cee4__get_meeting_transcript,2,10
mcp__p67cee4__get_messenger_chats,mcp__p67cee4__send_message,2,10
mcp__p891dec__get_meeting_notes,mcp__p891dec__get_meeting_notes,2,10
mcp__p7cbdd1__browser_navigate,mcp__p7cbdd1__browser_type,2,10
mcp__p7cbdd1__browser_take_screenshot,Read,2,10
mcp__p7cbdd1__browser_take_screenshot,Bash,2,10
Bash,mcp__p7cbdd1__browser_close,2,10
Grep,WebFetch,2,10
WebFetch,ToolSearch,2,10
TodoWrite,WebFetch,2,10
Grep,mcp__pf3c76d__create_issue,2,10
mcp__pf3c76d__create_issue_comment,Bash,2,10
mcp__pf3c76d__get_pipeline,Grep,2,10
Agent,Skill,2,10
ToolSearch,mcp__pf3c76d__get_epics,2,10
TodoWrite,mcp__pd16dd1__get_issues,2,10
mcp__pd16dd1__get_merge_request_pipeline,mcp__pd16dd1__get_merge_request_discussions,2,10
Bash,mcp__pd16dd1__get_issue,2,10
mcp__pd16dd1__get_issue,mcp__pd16dd1__get_issue,2,10
ToolSearch,mcp__pf3c76d__get_issue_relations,2,10
mcp__pf3c76d__get_issues,mcp__pf3c76d__get_issue_comments,2,10
mcp__pf3c76d__get_issue_relations,Bash,2,10
mcp__pf3c76d__get_merge_request_diffs,Read,2,10
Grep,mcp__pf3c76d__get_job_logs,2,10
mcp__pd16dd1__get_issues,AskUserQuestion,2,10
mcp__pd16dd1__get_epics,Grep,2,10
mcp__pf3c76d__get_project_info,Read,2,10
mcp__pf3c76d__get_epics,Grep,2,10
mcp__pd16dd1__get_issue_comments,Read,2,10
mcp__pd16dd1__get_issue_relations,TodoWrite,2,10
mcp__pd16dd1__update_issue,mcp__pd16dd1__get_merge_request_discussions,2,10
mcp__pd16dd1__create_merge_request_comment,mcp__pd16dd1__get_merge_request_pipeline,2,10
mcp__pf3c76d__update_issue,Glob,2,10
Grep,mcp__pf3c76d__create_merge_request_comment,2,10
mcp__pf3c76d__get_pipeline,ToolSearch,2,10
mcp__pd16dd1__get_branch_pipeline,mcp__pd16dd1__create_merge_request_comment,2,10
mcp__pf3c76d__get_merge_request_discussions,mcp__pf3c76d__get_branch_pipeline,2,10
TodoWrite,mcp__pd16dd1__get_issue,2,10
mcp__pd16dd1__get_issue,mcp__pd16dd1__update_issue,2,10
mcp__pf3c76d__create_merge_request_comment,Agent,2,10
mcp__pf3c76d__update_issue,mcp__pf3c76d__get_issue,2,10
mcp__pd16dd1__create_merge_request,Bash,2,10
mcp__pd16dd1__create_merge_request,mcp__pd16dd1__update_issue,2,10
AskUserQuestion,mcp__pd16dd1__create_issue,2,10
mcp__pd16dd1__get_issues,mcp__pd16dd1__get_merge_request_discussions,2,10
mcp__p7cbdd1__browser_network_requests,Grep,2,10
mcp__pd16dd1__get_chat_messages,mcp__pd16dd1__get_branch_pipeline,2,10
Read,TaskOutput,2,10
Bash,mcp__p5ee74d__create_issue_comment,2,10
mcp__pf3c76d__get_branch_pipeline,ToolSearch,2,10
mcp__pf3c76d__send_message,Bash,2,10
mcp__pf3c76d__create_issue_comment,Agent,2,10
mcp__pf3c76d__create_merge_request_comment,Grep,2,10
Agent,AskUserQuestion,2,10
mcp__pd16dd1__get_issue_relations,mcp__pd16dd1__get_issues,2,10
mcp__pd16dd1__link_issues,mcp__pd16dd1__get_issues,2,10
mcp__pd16dd1__get_merge_requests,mcp__pd16dd1__get_issues,2,10
mcp__p8f556d__get_pipeline,Bash,2,10
TodoWrite,mcp__pd16dd1__get_meeting_transcript,2,10
Bash,mcp__pd16dd1__get_messenger_chats,2,10
mcp__pd16dd1__get_branch_pipeline,mcp__pd16dd1__get_chat_messages,2,10
Bash,mcp__p0c7e74__add_issue_comment,2,10
mcp__p9846af__update_issue,mcp__p9846af__update_issue,2,10
Agent,WebFetch,2,10
mcp__p11f8c4__get_meeting_transcript,mcp__p11f8c4__create_knowledge_base_page,2,10
mcp__p3a04ae__update_issue,Write,2,10
Read,mcp__p3a04ae__create_issue,2,10
mcp__p3a04ae__create_issue_comment,Bash,2,10
mcp__p0f36b0__update_issue,Bash,2,10
Read,mcp__p7cbdd1__browser_snapshot,2,9
Bash,mcp__p67cee4__get_issue,2,9
Glob,WebFetch,2,9
ToolSearch,mcp__p67cee4__send_message,2,9
mcp__p7cbdd1__browser_navigate,Edit,2,9
TodoWrite,mcp__p7cbdd1__browser_navigate,2,9
TodoWrite,mcp__p7cbdd1__browser_click,2,9
mcp__p7cbdd1__browser_navigate,mcp__p7cbdd1__browser_network_requests,2,9
TaskList,Read,2,9
mcp__pf3c76d__get_job_logs,mcp__pf3c76d__get_pipeline,2,9
mcp__pd2ddfd__tabs_context_mcp,Read,2,9
WebSearch,AskUserQuestion,2,9
TaskList,TaskCreate,2,9
Bash,mcp__pf3c76d__send_message,2,9
mcp__pd8e750__get_issues,mcp__pd8e750__get_issues,2,9
Write,WebFetch,2,9
mcp__p3a04ae__create_issue_comment,mcp__p3a04ae__update_issue,2,9
Monitor,Edit,2,8
mcp__p67cee4__search_meeting_notes,mcp__p67cee4__search_meeting_notes,2,8
TaskOutput,Grep,2,8
Task,ToolSearch,2,8
mcp__p67cee4__get_meeting_transcript,mcp__p67cee4__get_messenger_chats,2,8
Bash,mcp__p67cee4__get_pipeline,2,8
ToolSearch,mcp__p891dec__get_meeting_transcript,2,8
mcp__p7cbdd1__browser_navigate,TodoWrite,2,8
mcp__p7cbdd1__browser_snapshot,Read,2,8
Bash,mcp__p67cee4__get_branch_pipeline,2,8
mcp__p7cbdd1__browser_click,mcp__p7cbdd1__browser_take_screenshot,2,8
mcp__p7cbdd1__browser_snapshot,mcp__p7cbdd1__browser_type,2,8
mcp__p67cee4__get_branch_pipeline,mcp__p67cee4__get_branch_pipeline,2,8
mcp__pf3c76d__get_issue_comments,Bash,2,8
mcp__pd16dd1__update_issue,mcp__pd16dd1__get_issues,2,8
mcp__pd16dd1__get_merge_requests,mcp__pd16dd1__create_merge_request,2,8
mcp__pd16dd1__get_merge_request_pipeline,Grep,2,8
mcp__pd16dd1__create_merge_request_comment,Edit,2,8
mcp__pf3c76d__get_merge_request_discussions,Grep,2,8
mcp__pd16dd1__create_issue,mcp__pd16dd1__get_issue_relations,2,8
mcp__pd16dd1__update_issue,Glob,2,8
mcp__pd16dd1__create_issue_comment,Read,2,8
Bash,mcp__pd16dd1__get_issue_relations,2,8
mcp__pf3c76d__get_merge_request_diffs,Bash,2,8
mcp__pd16dd1__get_merge_requests,Read,2,8
Skill,mcp__pd16dd1__get_epics,2,8
mcp__pf3c76d__get_issue,mcp__pf3c76d__update_issue,2,8
Bash,mcp__pd16dd1__get_project_info,2,8
Bash,mcp__p7cbdd1__browser_fill_form,2,8
mcp__pd16dd1__get_merge_request_diffs,Read,2,8
Task,mcp__pd16dd1__get_issues,2,8
Glob,mcp__pd16dd1__create_issue,2,8
TodoWrite,mcp__pd16dd1__get_issue_relations,2,8
mcp__p7cbdd1__browser_click,Task,2,8
mcp__pd16dd1__get_merge_request_pipeline,TodoWrite,2,8
mcp__pf3c76d__get_issue,ToolSearch,2,8
Skill,mcp__pf3c76d__get_project_info,2,8
ToolSearch,mcp__pf3c76d__get_merge_request_diffs,2,8
mcp__pd16dd1__get_issue_comments,TodoWrite,2,8
Bash,mcp__p5ee74d__get_merge_requests,2,8
mcp__p5ee74d__get_merge_requests,Bash,2,8
mcp__pd16dd1__get_issues,Read,2,8
mcp__pcd9e51__update_issue,mcp__pcd9e51__create_issue,2,8
mcp__pf3c76d__send_message,mcp__pf3c76d__send_message,2,8
mcp__pd16dd1__get_meeting_transcript,mcp__pd16dd1__update_issue,2,8
mcp__pcd9e51__create_issue,TodoWrite,2,8
mcp__pd16dd1__get_issues,mcp__pd16dd1__get_project_info,2,8
mcp__pf3c76d__update_issue,TaskCreate,2,8
mcp__pf3c76d__create_issue,Read,2,8
Write,mcp__pf3c76d__get_pipeline,2,8
mcp__pf3c76d__create_issue,mcp__pf3c76d__get_issue,2,8
mcp__pf3c76d__get_job_logs,Agent,2,8
mcp__p9e58dc__get_knowledge_base_spaces,mcp__p9e58dc__create_knowledge_base_page,2,8
mcp__p9e58dc__create_knowledge_base_page,Grep,2,8
Bash,mcp__p9e58dc__create_knowledge_base_page,2,8
mcp__p9e58dc__get_knowledge_base_page,mcp__p9e58dc__get_knowledge_base_page,2,8
mcp__p9e58dc__create_knowledge_base_page,mcp__p9e58dc__update_knowledge_base_page,2,8
mcp__p9e58dc__list_knowledge_base_docs,mcp__p9e58dc__list_knowledge_base_pages,2,8
mcp__p9e58dc__list_knowledge_base_pages,mcp__p9e58dc__get_knowledge_base_spaces,2,8
mcp__p9e58dc__update_knowledge_base_page,Bash,2,8
mcp__pd16dd1__get_merge_request_discussions,Grep,2,8
mcp__pd16dd1__create_merge_request_comment,mcp__pd16dd1__get_branch_pipeline,2,8
mcp__p7cbdd1__browser_wait_for,Grep,2,8
mcp__pcd9e51__get_issue_comments,mcp__pcd9e51__get_issue_comments,2,8
mcp__pd16dd1__create_issue,mcp__pd16dd1__update_issue,2,8
mcp__pf3c76d__create_issue_comment,Grep,2,8
Bash,mcp__pf3c76d__get_issue,2,8
Edit,ScheduleWakeup,2,8
TaskCreate,Agent,2,8
mcp__pd16dd1__update_issue,Grep,2,8
Bash,mcp__p5ee74d__create_merge_request_comment,2,8
ToolSearch,mcp__p5ee74d__get_branch_pipeline,2,8
TaskUpdate,TaskOutput,2,8
mcp__p5ee74d__create_merge_request_comment,mcp__p5ee74d__create_merge_request_comment,2,8
mcp__pf3c76d__get_issue,Read,2,8
mcp__pf3c76d__get_merge_requests,mcp__pf3c76d__get_merge_request_discussions,2,8
ToolSearch,ExitPlanMode,2,8
EnterPlanMode,Write,2,8
mcp__pf3c76d__get_meeting_transcript,ToolSearch,2,8
AskUserQuestion,mcp__pf3c76d__create_issue,2,8
mcp__pf3c76d__get_issues,Read,2,8
mcp__pd16dd1__link_issues,mcp__pd16dd1__get_issue_relations,2,8
mcp__pd16dd1__get_issues,ToolSearch,2,8
Edit,mcp__pd16dd1__create_merge_request_comment,2,8
Glob,TaskCreate,2,8
mcp__p7cbdd1__browser_snapshot,mcp__p7cbdd1__browser_wait_for,2,8
Grep,mcp__pd16dd1__get_issues,2,8
mcp__p964188__get_issue_relations,Read,2,8
mcp__pf3c76d__search_meeting_notes,mcp__pf3c76d__get_meeting_transcript,2,8
mcp__p5ee74d__update_issue,Edit,2,8
mcp__p964188__create_issue,mcp__p964188__link_issues,2,8
mcp__pd16dd1__get_chat_messages,Bash,2,8
mcp__pd16dd1__get_issue,Read,2,8
Write,mcp__pd16dd1__get_branch_pipeline,2,8
mcp__pf3c76d__search_chat_messages,Agent,2,8
mcp__pf3c76d__create_issue,Agent,2,8
mcp__p18d1b3__create_issue,mcp__p18d1b3__create_issue,2,8
mcp__p18d1b3__link_issues,mcp__p18d1b3__link_issues,2,8
Bash,mcp__p9846af__get_merge_request_discussions,2,8
ToolSearch,mcp__p3a04ae__create_issue_comment,2,8
Edit,mcp__p3a04ae__update_issue,2,8
Bash,mcp__pd2ddfd__computer,2,8
mcp__p0f36b0__create_issue,Bash,2,8
mcp__p1b45fc__send_message,mcp__p1b45fc__send_message,2,8
mcp__p67cee4__get_meeting_transcript,mcp__p67cee4__get_issues,2,7
mcp__pf1a3f9__get_issues,mcp__pf1a3f9__get_issues,2,7
mcp__p67cee4__get_issue,Bash,2,7
mcp__p67cee4__create_merge_request,mcp__p67cee4__update_issue,2,7
mcp__p67cee4__create_merge_request_comment,Bash,2,7
mcp__p67cee4__create_merge_request_comment,mcp__p67cee4__get_merge_request_discussions,2,7
mcp__p67cee4__get_issue,Read,2,7
mcp__p7cbdd1__browser_type,Bash,2,7
mcp__p7cbdd1__browser_console_messages,mcp__p7cbdd1__browser_click,2,7
Grep,mcp__p7cbdd1__browser_click,2,7
mcp__p7cbdd1__browser_console_messages,Grep,2,7
Bash,mcp__p67cee4__create_issue,2,7
Bash,mcp__p7cbdd1__browser_network_requests,2,7
mcp__p67cee4__read_sheet_data,mcp__p67cee4__read_sheet_data,2,7
mcp__p7cbdd1__browser_take_screenshot,mcp__p7cbdd1__browser_take_screenshot,2,7
mcp__p7cbdd1__browser_snapshot,mcp__p7cbdd1__browser_take_screenshot,2,7
mcp__p7cbdd1__browser_evaluate,Grep,2,7
mcp__p7cbdd1__browser_wait_for,mcp__p7cbdd1__browser_type,2,7
mcp__p8eb7a0__get_branch_pipeline,Bash,2,7
Glob,WebSearch,2,7
TaskList,TaskUpdate,2,7
mcp__p7cbdd1__browser_wait_for,TodoWrite,2,7
TaskUpdate,TaskList,2,7
mcp__p7cbdd1__browser_snapshot,mcp__p7cbdd1__browser_network_requests,2,7
TaskOutput,TaskUpdate,2,7
Bash,mcp__p8bceef__create_merge_request,2,7
Write,Task,2,7
ExitPlanMode,Glob,2,7
Read,mcp__p7cbdd1__browser_click,2,7
Bash,mcp__pd8e750__update_issue,2,7
mcp__pd8e750__get_pipeline,Bash,2,7
ToolSearch,mcp__p11f8c4__get_meeting_transcript,2,7
Bash,mcp__p3a04ae__get_issues,2,7
WebFetch,Agent,2,7
TaskUpdate,mcp__p1b45fc__update_sheet_cells,2,7
Glob,Agent,2,6
ToolSearch,mcp__p67cee4__search_meeting_notes,2,6
Grep,mcp__p7cbdd1__browser_snapshot,2,6
TodoWrite,mcp__p67cee4__create_issue,2,6
AskUserQuestion,Agent,2,6
ToolSearch,mcp__p67cee4__get_messenger_chats,2,6
mcp__p891dec__search_meeting_notes,mcp__p891dec__search_meeting_notes,2,6
mcp__p7cbdd1__browser_take_screenshot,mcp__p7cbdd1__browser_click,2,6
Bash,mcp__p67cee4__send_message,2,6
mcp__p67cee4__get_pipeline,Bash,2,6
mcp__p67cee4__read_sheet_data,mcp__p67cee4__update_sheet_cells,2,6
mcp__p67cee4__update_sheet_cells,mcp__p67cee4__read_sheet_data,2,6
KillShell,Bash,2,6
mcp__pf3c76d__get_project_info,Grep,2,6
ToolSearch,mcp__pf3c76d__get_issue_comments,2,6
mcp__pf3c76d__update_issue,Grep,2,6
mcp__p5ee74d__get_branch_pipeline,Bash,2,6
mcp__pd16dd1__get_merge_request_discussions,mcp__pd16dd1__get_merge_requests,2,6
mcp__pd16dd1__get_merge_request_discussions,Edit,2,6
TodoWrite,mcp__pd16dd1__create_issue_comment,2,6
mcp__pd16dd1__get_merge_requests,Grep,2,6
mcp__pd16dd1__get_merge_request_pipeline,mcp__pd16dd1__create_merge_request_comment,2,6
TaskCreate,Task,2,6
ExitPlanMode,Task,2,6
ExitPlanMode,Grep,2,6
mcp__pf3c76d__get_merge_requests,Read,2,6
mcp__pd16dd1__create_issue,mcp__pd16dd1__get_issue,2,6
Task,TaskUpdate,2,6
mcp__pf3c76d__get_project_info,Glob,2,6
mcp__pf3c76d__get_epics,Read,2,6
mcp__pd16dd1__get_meeting_transcript,Bash,2,6
mcp__pd16dd1__search_meeting_notes,mcp__pd16dd1__get_meeting_transcript,2,6
mcp__pd16dd1__get_meeting_transcript,Read,2,6
mcp__pf3c76d__get_epics,Bash,2,6
mcp__p7cbdd1__browser_close,mcp__p7cbdd1__browser_navigate,2,6
mcp__pd16dd1__get_merge_request_diffs,mcp__pd16dd1__get_merge_request_diffs,2,6
Read,mcp__pd16dd1__get_merge_request_discussions,2,6
mcp__pd16dd1__create_issue,mcp__pd16dd1__get_issues,2,6
mcp__pd16dd1__create_merge_request_comment,Glob,2,6
Read,mcp__pf3c76d__get_pipeline,2,6
mcp__pd16dd1__create_merge_request_comment,Task,2,6
mcp__pf3c76d__get_issues,mcp__pf3c76d__get_issue,2,6
mcp__pf3c76d__get_merge_request_diffs,mcp__pf3c76d__create_merge_request_comment,2,6
mcp__pf3c76d__create_merge_request_comment,Skill,2,6
mcp__pf3c76d__get_merge_request_discussions,TaskCreate,2,6
mcp__p5ee74d__get_branch_pipeline,Read,2,6
mcp__pd16dd1__get_epics,mcp__pd16dd1__get_issues,2,6
mcp__pcd9e51__create_issue,mcp__pcd9e51__update_issue,2,6
Read,mcp__pd16dd1__get_meeting_transcript,2,6
mcp__pd16dd1__get_project_info,mcp__pd16dd1__create_issue,2,6
mcp__pd16dd1__get_epics,mcp__pd16dd1__create_issue,2,6
Bash,mcp__pcd9e51__create_issue,2,6
TodoWrite,mcp__pcd9e51__create_issue,2,6
mcp__pd16dd1__get_issue,TodoWrite,2,6
mcp__p8bceef__create_merge_request,Bash,2,6
ToolSearch,mcp__pf3c76d__create_merge_request,2,6
mcp__pf3c76d__get_pipeline,Write,2,6
Bash,ExitPlanMode,2,6
mcp__pd16dd1__get_epics,AskUserQuestion,2,6
mcp__pd16dd1__get_project_info,Glob,2,6
mcp__pd16dd1__get_epics,Read,2,6
mcp__pd16dd1__update_issue,Task,2,6
Read,mcp__pd16dd1__get_merge_requests,2,6
mcp__pd16dd1__get_branch_pipeline,Glob,2,6
mcp__pd16dd1__create_merge_request_comment,Grep,2,6
mcp__p11f8c4__get_meeting_transcript,Glob,2,6
mcp__p11f8c4__get_meeting_transcript,Read,2,6
Grep,mcp__pf3c76d__update_issue,2,6
mcp__pd16dd1__get_issues,mcp__pd16dd1__get_meeting_transcript,2,6
mcp__pd16dd1__get_issue_comments,mcp__pd16dd1__get_meeting_transcript,2,6
mcp__pd16dd1__create_merge_request,mcp__pd16dd1__get_merge_request_discussions,2,6
mcp__p7cbdd1__browser_click,mcp__p7cbdd1__browser_tabs,2,6
mcp__p7cbdd1__browser_run_code,Bash,2,6
Edit,TaskOutput,2,6
mcp__p7cbdd1__browser_snapshot,Edit,2,6
mcp__pd16dd1__get_merge_request_discussions,WebFetch,2,6
mcp__p5ee74d__get_merge_request_discussions,mcp__p5ee74d__get_issues,2,6
mcp__p5ee74d__get_issues,mcp__p5ee74d__get_epics,2,6
mcp__p5ee74d__update_issue,Read,2,6
mcp__p5ee74d__get_branch_pipeline,ToolSearch,2,6
mcp__pd16dd1__create_merge_request,TaskUpdate,2,6
mcp__pf3c76d__create_issue_comment,ToolSearch,2,6
mcp__pf3c76d__update_issue,Write,2,6
mcp__pf3c76d__update_issue,Agent,2,6
mcp__pf3c76d__update_issue,EnterPlanMode,2,6
mcp__pf3c76d__get_merge_request_discussions,mcp__pf3c76d__get_merge_request_discussions,2,6
mcp__pf3c76d__get_meeting_notes,mcp__pf3c76d__get_meeting_transcript,2,6
mcp__pf3c76d__get_meeting_transcript,mcp__pf3c76d__get_messenger_chats,2,6
mcp__pd16dd1__create_merge_request_comment,WebFetch,2,6
mcp__pf3c76d__get_epics,AskUserQuestion,2,6
mcp__pf3c76d__get_branch_pipeline,Agent,2,6
mcp__pf3c76d__get_branch_pipeline,mcp__pf3c76d__get_merge_requests,2,6
mcp__pf3c76d__update_issue,ToolSearch,2,6
Read,mcp__pf3c76d__update_issue,2,6
mcp__pd16dd1__get_issues,Task,2,6
TodoWrite,mcp__pd16dd1__get_merge_request_diffs,2,6
mcp__p7cbdd1__browser_navigate,Task,2,6
ExitPlanMode,TodoWrite,2,6
mcp__pd16dd1__create_merge_request,Edit,2,6
mcp__pd16dd1__create_issue_comment,TodoWrite,2,6
Bash,mcp__p8f556d__get_pipeline,2,6
ToolSearch,mcp__pd16dd1__get_issues,2,6
mcp__p7cbdd1__browser_close,Edit,2,6
mcp__p7cbdd1__browser_wait_for,Read,2,6
mcp__p4368a5__get_project_info,Grep,2,6
Bash,mcp__p964188__get_project_info,2,6
mcp__p7cbdd1__browser_tabs,mcp__p7cbdd1__browser_click,2,6
mcp__p964188__create_issue,mcp__p964188__create_issue,2,6
Bash,mcp__p964188__get_issue_relations,2,6
Edit,mcp__pd2ddfd__tabs_context_mcp,2,6
mcp__pf3c76d__get_epics,mcp__pf3c76d__get_issues,2,6
mcp__p7cbdd1__browser_wait_for,mcp__p7cbdd1__browser_press_key,2,6
mcp__p964188__update_issue,Grep,2,6
mcp__p964188__update_issue,Bash,2,6
Read,mcp__pf3c76d__create_merge_request_comment,2,6
mcp__pd16dd1__get_merge_requests,Edit,2,6
mcp__pd16dd1__update_issue,mcp__pd16dd1__get_issue,2,6
mcp__p0c7e74__create_issue,Bash,2,6
mcp__p5ee74d__get_branch_pipeline,mcp__p5ee74d__get_merge_requests,2,6
Bash,mcp__p9846af__create_merge_request,2,6
Bash,mcp__pd8e750__get_merge_request_discussions,2,6
TodoWrite,mcp__p11f8c4__update_sheet_cells,2,6
Bash,mcp__p11f8c4__update_sheet_cells,2,6
mcp__p11f8c4__get_meeting_transcript,ToolSearch,2,6
mcp__p3a04ae__create_issue,ToolSearch,2,6
mcp__p3a04ae__get_issues,ToolSearch,2,6
mcp__p3a04ae__create_issue_comment,ToolSearch,2,6
mcp__p3a04ae__update_issue,mcp__p3a04ae__create_issue_comment,2,6
ToolSearch,mcp__p0f36b0__create_issue,2,6
mcp__p1b45fc__update_sheet_cells,TaskUpdate,2,6
mcp__pf1a3f9__update_sheet_cells,mcp__pf1a3f9__update_sheet_cells,2,5
mcp__p67cee4__get_meeting_transcript,ToolSearch,2,5
mcp__p67cee4__create_issue,Agent,2,5
mcp__p67cee4__get_meeting_transcript,Read,2,5
ToolSearch,Task,2,5
Read,mcp__p67cee4__create_merge_request_comment,2,5
mcp__p67cee4__create_issue,mcp__p67cee4__update_issue,2,5
Bash,mcp__p67cee4__get_merge_request_discussions,2,5
TodoWrite,mcp__p67cee4__get_merge_request_pipeline,2,5
mcp__p67cee4__create_merge_request_comment,TodoWrite,2,5
mcp__pd2ddfd__tabs_context_mcp,ToolSearch,2,5
mcp__p7cbdd1__browser_press_key,mcp__p7cbdd1__browser_click,2,5
mcp__p7cbdd1__browser_evaluate,Read,2,5
mcp__p7cbdd1__browser_navigate,mcp__p7cbdd1__browser_wait_for,2,5
mcp__p7cbdd1__browser_click,Glob,2,5
mcp__p7cbdd1__browser_navigate,mcp__p7cbdd1__browser_console_messages,2,5
mcp__p8eb7a0__get_branch_pipeline,mcp__p8eb7a0__get_branch_pipeline,2,5
mcp__p7cbdd1__browser_wait_for,mcp__p7cbdd1__browser_console_messages,2,5
Bash,mcp__p3b05f5__add_issue_comment,2,5
Write,Monitor,2,5
mcp__p7cbdd1__browser_snapshot,mcp__p7cbdd1__browser_evaluate,2,5
mcp__pd2ddfd__read_page,Bash,2,5
EnterPlanMode,AskUserQuestion,2,5
Bash,mcp__p8f556d__get_merge_request_discussions,2,5
mcp__p8f556d__create_merge_request_comment,Bash,2,5
mcp__p7cbdd1__browser_press_key,mcp__p7cbdd1__browser_snapshot,2,5
Task,WebSearch,2,5
Bash,mcp__p0c7e74__get_issues,2,5
ToolSearch,mcp__p0c7e74__add_issue_comment,2,5
Bash,mcp__pd8e750__create_merge_request,2,5
Bash,mcp__pd8e750__get_pipeline,2,5
Bash,mcp__pd8e750__add_issue_comment,2,5
mcp__pd8e750__add_issue_comment,Bash,2,5
mcp__pd8e750__get_issues,Bash,2,5
WebFetch,ExitPlanMode,2,5
mcp__p11f8c4__create_issue,mcp__p11f8c4__create_issue,2,5
mcp__p11f8c4__create_issue,mcp__p11f8c4__get_meeting_transcript,2,5
mcp__p11f8c4__update_sheet_cells,TodoWrite,2,5
WebSearch,mcp__p11f8c4__update_sheet_cells,2,5
mcp__p11f8c4__update_sheet_cells,Bash,2,5
mcp__p67cee4__get_meeting_transcript,mcp__p67cee4__search_meeting_notes,2,5
ToolSearch,mcp__p3a04ae__create_issue,2,5
mcp__p3a04ae__create_epic,mcp__p3a04ae__create_issue,2,5
mcp__p3a04ae__create_issue_comment,mcp__p3a04ae__create_issue_comment,2,5
mcp__p3a04ae__update_issue,Edit,2,5
Read,mcp__p3a04ae__create_issue_comment,2,5
mcp__p3a04ae__add_issue_comment,Bash,2,5
Bash,mcp__p0f36b0__create_issue,2,5
mcp__p1b45fc__update_sheet_cells,mcp__p1b45fc__read_sheet_data,2,5
Bash,Bash,3,72722
Read,Read,3,17886
Bash,Read,3,13678
Read,Bash,3,13189
Edit,Edit,3,10469
Edit,Bash,3,10393
Read,Edit,3,7434
Bash,Edit,3,6391
Grep,Read,3,5094
Edit,Read,3,4459
Read,Grep,3,4372
Grep,Grep,3,4258
Bash,Grep,3,3537
Grep,Bash,3,3114
Glob,Read,3,2993
Grep,Edit,3,2313
Edit,Grep,3,1959
Bash,Write,3,1864
Write,Bash,3,1853
Write,Write,3,1796
Bash,TaskUpdate,3,1643
TaskUpdate,Bash,3,1576
Read,Glob,3,1566
TaskCreate,TaskCreate,3,1297
Write,Edit,3,1212
Edit,TaskUpdate,3,1131
Read,Write,3,1105
TaskUpdate,Edit,3,1104
Glob,Glob,3,956
Bash,ToolSearch,3,932
TaskUpdate,TaskUpdate,3,927
Bash,TodoWrite,3,852
Glob,Bash,3,851
TodoWrite,Bash,3,846
TaskUpdate,Read,3,838
WebFetch,WebFetch,3,781
WebSearch,WebSearch,3,775
Bash,Glob,3,743
Write,Read,3,717
Glob,Grep,3,710
Edit,Write,3,580
Bash,TaskCreate,3,577
ToolSearch,Bash,3,569
TaskCreate,TaskUpdate,3,557
Bash,Agent,3,554
Read,TodoWrite,3,554
Read,TaskUpdate,3,545
TodoWrite,Read,3,533
TodoWrite,Edit,3,522
Edit,TodoWrite,3,485
Grep,Glob,3,441
mcp__p891dec__get_meeting_transcript,mcp__p891dec__get_meeting_transcript,3,436
TodoWrite,TodoWrite,3,397
Agent,Bash,3,393
TaskUpdate,Write,3,377
WebSearch,WebFetch,3,345
Bash,WebFetch,3,340
WebFetch,Bash,3,307
TaskCreate,Read,3,305
Agent,Read,3,282
Bash,mcp__pf3c76d__get_branch_pipeline,3,280
Bash,mcp__pd16dd1__get_branch_pipeline,3,272
Write,TaskUpdate,3,256
ToolSearch,ToolSearch,3,249
ToolSearch,Read,3,244
TaskCreate,Bash,3,240
TaskUpdate,Grep,3,239
Grep,Write,3,236
WebFetch,WebSearch,3,236
Task,Read,3,233
mcp__pd16dd1__get_meeting_transcript,mcp__pd16dd1__get_meeting_transcript,3,226
Glob,Edit,3,217
Read,TaskCreate,3,215
Bash,Task,3,208
Edit,Glob,3,205
Bash,WebSearch,3,205
mcp__p7cbdd1__browser_click,mcp__p7cbdd1__browser_click,3,203
Write,TodoWrite,3,196
Bash,TaskOutput,3,192
mcp__pf3c76d__get_branch_pipeline,Bash,3,192
Write,Grep,3,174
mcp__pd16dd1__get_branch_pipeline,Bash,3,174
Bash,mcp__p7cbdd1__browser_navigate,3,170
Read,ToolSearch,3,168
Bash,mcp__pf3c76d__get_pipeline,3,165
ToolSearch,TaskCreate,3,164
Bash,mcp__pd16dd1__create_merge_request_comment,3,164
TaskOutput,Bash,3,160
Bash,AskUserQuestion,3,160
Grep,TaskUpdate,3,157
Grep,TodoWrite,3,155
Bash,mcp__pf3c76d__create_merge_request,3,146
TaskCreate,Edit,3,145
TodoWrite,Write,3,142
TodoWrite,Grep,3,140
WebSearch,Bash,3,138
TodoWrite,Glob,3,136
mcp__p7cbdd1__browser_click,Bash,3,133
Bash,mcp__p7cbdd1__browser_click,3,128
Bash,mcp__pd16dd1__get_merge_request_pipeline,3,128
Edit,ExitPlanMode,3,125
WebFetch,Read,3,121
Read,Agent,3,118
Bash,mcp__pd16dd1__create_merge_request,3,118
Glob,Write,3,117
ExitPlanMode,Edit,3,115
Read,ExitPlanMode,3,114
mcp__pf3c76d__get_pipeline,Bash,3,113
AskUserQuestion,Bash,3,112
Bash,mcp__pf3c76d__get_job_logs,3,107
mcp__pf3c76d__create_merge_request_comment,mcp__pf3c76d__create_merge_request_comment,3,106
TaskUpdate,TaskCreate,3,105
Read,WebSearch,3,103
Edit,Agent,3,103
mcp__p7cbdd1__browser_navigate,mcp__p7cbdd1__browser_click,3,102
Monitor,Bash,3,98
Read,Task,3,97
mcp__p11f8c4__get_meeting_transcript,mcp__p11f8c4__get_meeting_transcript,3,96
ToolSearch,Edit,3,95
Bash,Monitor,3,94
Agent,Grep,3,94
Bash,mcp__pd16dd1__get_merge_request_discussions,3,94
Skill,Bash,3,93
Agent,Write,3,93
mcp__pd16dd1__get_branch_pipeline,Read,3,90
mcp__pd16dd1__get_merge_request_pipeline,Bash,3,88
Agent,Agent,3,86
Bash,Skill,3,86
mcp__pd16dd1__create_merge_request_comment,mcp__pd16dd1__create_merge_request_comment,3,86
mcp__p7cbdd1__browser_navigate,Bash,3,84
Agent,Edit,3,82
mcp__pd16dd1__get_merge_request_discussions,Read,3,82
Bash,mcp__pf3c76d__create_merge_request_comment,3,82
TaskCreate,ToolSearch,3,79
Read,AskUserQuestion,3,78
mcp__pf3c76d__get_job_logs,Bash,3,77
Bash,mcp__p7cbdd1__browser_snapshot,3,76
Grep,ToolSearch,3,72
Agent,ToolSearch,3,72
Agent,TaskCreate,3,72
Task,Bash,3,72
TaskCreate,Write,3,72
ToolSearch,Grep,3,70
ToolSearch,Agent,3,70
mcp__p7cbdd1__browser_wait_for,mcp__p7cbdd1__browser_click,3,70
mcp__pf3c76d__get_branch_pipeline,Read,3,70
Glob,TodoWrite,3,67
Bash,mcp__pd2ddfd__tabs_context_mcp,3,67
WebSearch,Read,3,67
AskUserQuestion,Edit,3,67
mcp__pd2ddfd__tabs_context_mcp,Bash,3,66
Edit,ToolSearch,3,66
Bash,mcp__p7cbdd1__browser_wait_for,3,66
ScheduleWakeup,Bash,3,66
Grep,TaskCreate,3,65
mcp__pd16dd1__get_branch_pipeline,mcp__pd16dd1__get_branch_pipeline,3,64
WebFetch,Edit,3,64
mcp__p7cbdd1__browser_snapshot,mcp__p7cbdd1__browser_click,3,63
mcp__pd16dd1__create_merge_request_comment,TodoWrite,3,62
mcp__pd16dd1__create_merge_request_comment,Bash,3,62
AskUserQuestion,Read,3,61
Write,Glob,3,59
Read,WebFetch,3,59
mcp__p7cbdd1__browser_click,mcp__p7cbdd1__browser_snapshot,3,58
mcp__pd16dd1__get_issues,mcp__pd16dd1__get_issues,3,58
Bash,mcp__pd16dd1__get_merge_requests,3,58
TaskCreate,Grep,3,58
ToolSearch,WebSearch,3,58
mcp__p7cbdd1__browser_snapshot,Bash,3,57
mcp__p67cee4__get_meeting_transcript,mcp__p67cee4__get_meeting_transcript,3,57
ExitPlanMode,Read,3,57
mcp__pd16dd1__get_merge_request_discussions,mcp__pd16dd1__get_merge_request_discussions,3,56
Edit,mcp__pd16dd1__get_branch_pipeline,3,56
mcp__pf3c76d__create_issue,mcp__pf3c76d__create_issue,3,56
Bash,ScheduleWakeup,3,56
Bash,mcp__p3a04ae__create_issue,3,56
Bash,EnterPlanMode,3,55
Task,Edit,3,55
mcp__p11f8c4__update_sheet_cells,mcp__p11f8c4__update_sheet_cells,3,55
Task,Grep,3,54
Bash,mcp__pf3c76d__get_merge_request_discussions,3,54
mcp__pd16dd1__get_branch_pipeline,Grep,3,54
mcp__p7cbdd1__browser_click,Read,3,53
WebSearch,Edit,3,52
mcp__pf3c76d__get_issues,Bash,3,52
mcp__pd16dd1__create_merge_request_comment,mcp__pd16dd1__get_merge_request_discussions,3,52
Bash,mcp__pd16dd1__update_issue,3,52
mcp__pd8e750__update_issue,mcp__pd8e750__update_issue,3,51
mcp__pf3c76d__create_merge_request,Bash,3,50
Bash,mcp__pd16dd1__create_issue_comment,3,50
mcp__p3a04ae__create_issue,Bash,3,50
mcp__pd8e750__add_issue_comment,mcp__pd8e750__add_issue_comment,3,49
mcp__p3a04ae__create_issue,mcp__p3a04ae__create_issue,3,49
Task,Write,3,47
ToolSearch,mcp__pf3c76d__get_issues,3,47
ToolSearch,WebFetch,3,46
TodoWrite,mcp__pd16dd1__get_merge_request_discussions,3,46
mcp__pf3c76d__update_issue,Bash,3,46
EnterPlanMode,Read,3,44
mcp__pf3c76d__get_pipeline,Read,3,44
mcp__pd16dd1__get_merge_request_pipeline,Read,3,44
mcp__pd16dd1__get_branch_pipeline,Edit,3,44
Edit,WebSearch,3,44
mcp__p7cbdd1__browser_click,Grep,3,44
TaskUpdate,Agent,3,43
Task,Task,3,43
Agent,TaskUpdate,3,42
Edit,TaskCreate,3,42
mcp__pf3c76d__update_issue,Read,3,42
mcp__pf3c76d__get_job_logs,Read,3,42
TodoWrite,mcp__pd16dd1__create_merge_request_comment,3,42
Write,ToolSearch,3,42
mcp__p5ee74d__create_issue_comment,mcp__p5ee74d__create_issue_comment,3,42
Bash,mcp__p67cee4__create_merge_request,3,41
ExitPlanMode,TaskCreate,3,41
mcp__p3a04ae__update_issue,Bash,3,41
Grep,AskUserQuestion,3,40
Bash,mcp__pf3c76d__create_issue_comment,3,40
mcp__pf3c76d__create_merge_request_comment,Bash,3,40
Grep,Agent,3,39
Edit,mcp__p7cbdd1__browser_navigate,3,39
Edit,WebFetch,3,39
ExitPlanMode,Bash,3,38
Task,ExitPlanMode,3,38
mcp__pf3c76d__get_job_logs,mcp__pf3c76d__get_job_logs,3,38
mcp__pf3c76d__get_job_logs,Grep,3,38
Bash,mcp__pf3c76d__update_issue,3,38
Read,mcp__pd16dd1__create_merge_request_comment,3,38
Write,TaskCreate,3,38
ExitPlanMode,ExitPlanMode,3,38
mcp__pf3c76d__get_issues,mcp__pf3c76d__get_issues,3,38
mcp__p5ee74d__get_issue,mcp__p5ee74d__get_issue,3,38
Edit,Task,3,37
Write,Agent,3,37
mcp__pf3c76d__create_issue,Bash,3,37
TaskUpdate,Glob,3,37
mcp__pf3c76d__get_pipeline,mcp__pf3c76d__get_job_logs,3,36
Edit,mcp__pf3c76d__get_pipeline,3,36
mcp__pd16dd1__get_merge_request_discussions,Bash,3,36
mcp__pf3c76d__get_issues,ToolSearch,3,36
Bash,mcp__p3a04ae__update_issue,3,35
mcp__pd16dd1__get_issues,Bash,3,34
mcp__pf3c76d__get_merge_request_discussions,Bash,3,34
TodoWrite,mcp__pd16dd1__update_issue,3,34
mcp__pf3c76d__create_merge_request_comment,Read,3,34
mcp__p5ee74d__get_issues,mcp__p5ee74d__get_issues,3,34
ExitPlanMode,Write,3,33
Bash,mcp__pf3c76d__get_merge_requests,3,33
TaskOutput,Read,3,32
Bash,mcp__p67cee4__update_issue,3,32
mcp__p7cbdd1__browser_type,mcp__p7cbdd1__browser_click,3,32
mcp__pd16dd1__get_merge_request_discussions,Edit,3,32
mcp__pd16dd1__update_issue,Read,3,32
mcp__pd16dd1__get_merge_request_discussions,TodoWrite,3,32
ToolSearch,TaskUpdate,3,32
Agent,ExitPlanMode,3,32
Bash,mcp__pd16dd1__get_chat_messages,3,32
WebFetch,Glob,3,31
Bash,mcp__pf3c76d__get_issues,3,31
mcp__p11f8c4__update_sheet_cells,mcp__p11f8c4__read_sheet_data,3,31
ToolSearch,Glob,3,30
Grep,ExitPlanMode,3,30
mcp__pd16dd1__get_merge_requests,Read,3,30
mcp__pd16dd1__get_issue,Bash,3,30
mcp__pd16dd1__create_merge_request_comment,Read,3,30
mcp__pf3c76d__get_branch_pipeline,mcp__pf3c76d__get_branch_pipeline,3,30
mcp__pcd9e51__update_issue,mcp__pcd9e51__update_issue,3,30
mcp__p9846af__create_issue,mcp__p9846af__create_issue,3,30
Bash,TaskStop,3,29
Task,Glob,3,29
mcp__p7cbdd1__browser_click,mcp__p7cbdd1__browser_navigate,3,29
Grep,mcp__p7cbdd1__browser_navigate,3,28
Bash,mcp__p7cbdd1__browser_type,3,28
mcp__p7cbdd1__browser_navigate,mcp__p7cbdd1__browser_snapshot,3,28
mcp__pd16dd1__create_issue,Bash,3,28
mcp__pd16dd1__create_merge_request,mcp__pd16dd1__get_merge_request_discussions,3,28
mcp__pd16dd1__update_issue,mcp__pd16dd1__update_issue,3,28
TaskOutput,TaskOutput,3,28
mcp__pd16dd1__get_merge_requests,Bash,3,28
mcp__pd16dd1__get_chat_messages,Bash,3,28
mcp__p11f8c4__read_sheet_data,mcp__p11f8c4__update_sheet_cells,3,28
Write,ExitPlanMode,3,27
mcp__p7cbdd1__browser_click,mcp__p7cbdd1__browser_type,3,27
mcp__p67cee4__update_sheet_cells,mcp__p67cee4__update_sheet_cells,3,26
Grep,Task,3,26
mcp__p7cbdd1__browser_snapshot,mcp__p7cbdd1__browser_snapshot,3,26
Bash,TaskList,3,26
Bash,mcp__pf3c76d__create_issue,3,26
Read,mcp__pd16dd1__get_branch_pipeline,3,26
mcp__pcd9e51__create_issue,mcp__pcd9e51__create_issue,3,26
mcp__pd16dd1__create_issue,mcp__pd16dd1__create_issue,3,26
Glob,ToolSearch,3,25
mcp__pd8e750__create_merge_request_comment,mcp__pd8e750__create_merge_request_comment,3,25
EnterPlanMode,Agent,3,24
mcp__p7cbdd1__browser_navigate,Read,3,24
WebFetch,Grep,3,24
Read,mcp__pd16dd1__create_issue,3,24
mcp__pd16dd1__get_issues,TodoWrite,3,24
Skill,Read,3,24
mcp__pf3c76d__get_merge_request_discussions,Read,3,24
mcp__pf3c76d__get_pipeline,Grep,3,24
TaskCreate,Glob,3,24
ToolSearch,mcp__pf3c76d__update_issue,3,24
mcp__pf3c76d__update_issue,mcp__pf3c76d__update_issue,3,24
mcp__pd16dd1__get_issue_relations,Bash,3,24
TaskUpdate,ToolSearch,3,24
Bash,mcp__p5ee74d__get_branch_pipeline,3,24
mcp__pd16dd1__get_issues,AskUserQuestion,3,24
TodoWrite,mcp__pd16dd1__get_branch_pipeline,3,24
mcp__pf3c76d__create_issue,ToolSearch,3,24
AskUserQuestion,TodoWrite,3,23
mcp__p7cbdd1__browser_click,mcp__p7cbdd1__browser_wait_for,3,23
WebSearch,ToolSearch,3,23
mcp__p7cbdd1__browser_wait_for,Bash,3,23
AskUserQuestion,ExitPlanMode,3,23
AskUserQuestion,Grep,3,22
ToolSearch,Skill,3,22
mcp__p7cbdd1__browser_navigate,mcp__p7cbdd1__browser_wait_for,3,22
Read,mcp__pf3c76d__get_pipeline,3,22
ToolSearch,mcp__pf3c76d__create_issue_comment,3,22
mcp__pd16dd1__get_merge_request_discussions,mcp__pd16dd1__get_issues,3,22
mcp__pd16dd1__get_merge_request_pipeline,mcp__pd16dd1__get_merge_request_pipeline,3,22
mcp__pd16dd1__get_meeting_transcript,TodoWrite,3,22
Edit,mcp__pd16dd1__get_merge_request_pipeline,3,22
mcp__pd16dd1__update_issue,Bash,3,22
mcp__pd16dd1__get_chat_messages,Read,3,22
mcp__p5ee74d__update_issue,mcp__p5ee74d__update_issue,3,22
TodoWrite,Task,3,21
Grep,WebSearch,3,21
Edit,mcp__p7cbdd1__browser_wait_for,3,21
Read,EnterPlanMode,3,21
Read,mcp__p7cbdd1__browser_wait_for,3,21
mcp__pf3c76d__get_merge_requests,Bash,3,21
ToolSearch,Write,3,21
mcp__p0f36b0__create_issue,mcp__p0f36b0__create_issue,3,21
mcp__p67cee4__create_issue,mcp__p67cee4__create_issue,3,20
mcp__p7cbdd1__browser_navigate,mcp__p7cbdd1__browser_navigate,3,20
mcp__p7cbdd1__browser_console_messages,Bash,3,20
Skill,mcp__pf3c76d__get_project_info,3,20
mcp__pf3c76d__get_job_logs,Edit,3,20
mcp__pf3c76d__get_issues,mcp__pf3c76d__get_epics,3,20
mcp__pd16dd1__get_issues,Grep,3,20
mcp__pd16dd1__get_merge_requests,TodoWrite,3,20
mcp__pd16dd1__get_meeting_notes,mcp__pd16dd1__get_meeting_transcript,3,20
mcp__pf3c76d__get_issue,mcp__pf3c76d__update_issue,3,20
mcp__pd16dd1__get_merge_request_discussions,mcp__pd16dd1__create_merge_request_comment,3,20
Skill,mcp__pd16dd1__get_epics,3,20
mcp__pd16dd1__get_issues,Read,3,20
mcp__pd16dd1__create_epic,mcp__pd16dd1__create_epic,3,20
mcp__pd16dd1__get_issues,mcp__pd16dd1__get_issue_relations,3,20
TaskStop,Bash,3,19
TodoWrite,mcp__p7cbdd1__browser_click,3,19
Skill,Grep,3,19
mcp__p7cbdd1__browser_wait_for,mcp__p7cbdd1__browser_wait_for,3,19
Task,TaskCreate,3,19
EnterPlanMode,Task,3,19
ToolSearch,mcp__pf3c76d__get_project_info,3,19
mcp__p7cbdd1__browser_snapshot,Read,3,18
Read,mcp__p7cbdd1__browser_navigate,3,18
ToolSearch,mcp__pf3c76d__get_branch_pipeline,3,18
mcp__pf3c76d__get_pipeline,Edit,3,18
Bash,mcp__p5ee74d__get_issue,3,18
mcp__pd16dd1__create_issue_comment,Bash,3,18
TodoWrite,mcp__pd16dd1__get_issues,3,18
mcp__pd16dd1__get_issue_comments,Bash,3,18
mcp__pf3c76d__get_issues,Read,3,18
Read,Skill,3,18
mcp__pd16dd1__get_issues,Glob,3,18
mcp__pd16dd1__get_issue,mcp__pd16dd1__update_issue,3,18
Bash,ExitPlanMode,3,18
ToolSearch,mcp__pf3c76d__create_issue,3,18
mcp__pf3c76d__create_merge_request,Read,3,18
mcp__pf3c76d__create_issue_comment,Read,3,18
AskUserQuestion,Glob,3,18
mcp__pf3c76d__get_branch_pipeline,Edit,3,18
mcp__pf3c76d__update_issue,mcp__pf3c76d__create_issue_comment,3,18
mcp__pd16dd1__get_branch_pipeline,mcp__pd16dd1__get_chat_messages,3,18
Bash,mcp__pd8e750__create_merge_request_comment,3,18
mcp__p7cbdd1__browser_navigate,Grep,3,17
mcp__p67cee4__get_issues,mcp__p67cee4__get_issues,3,17
Task,TodoWrite,3,17
Edit,AskUserQuestion,3,17
mcp__p7cbdd1__browser_wait_for,mcp__p7cbdd1__browser_snapshot,3,17
ToolSearch,mcp__pf3c76d__send_message,3,17
Agent,WebSearch,3,17
Bash,mcp__p3a04ae__create_issue_comment,3,17
mcp__p1b45fc__update_sheet_cells,mcp__p1b45fc__update_sheet_cells,3,17
mcp__p7cbdd1__browser_type,Bash,3,16
Bash,mcp__p7cbdd1__browser_evaluate,3,16
mcp__pf3c76d__get_issues,Grep,3,16
mcp__pf3c76d__create_issue_comment,Bash,3,16
Edit,mcp__pd16dd1__get_merge_requests,3,16
mcp__pd16dd1__get_merge_requests,mcp__pd16dd1__get_merge_request_discussions,3,16
mcp__pd16dd1__get_merge_request_pipeline,TodoWrite,3,16
mcp__pf3c76d__get_merge_requests,Read,3,16
Read,mcp__pd16dd1__get_issues,3,16
mcp__pf3c76d__get_merge_request_diffs,ToolSearch,3,16
Read,mcp__pf3c76d__get_job_logs,3,16
mcp__pd16dd1__get_merge_request_diffs,Read,3,16
Grep,mcp__pd16dd1__create_issue,3,16
Read,mcp__pd16dd1__get_merge_request_discussions,3,16
mcp__pd16dd1__create_merge_request,TodoWrite,3,16
ToolSearch,mcp__pf3c76d__get_issue,3,16
mcp__pf3c76d__get_merge_request_diffs,mcp__pf3c76d__get_merge_request_diffs,3,16
mcp__pf3c76d__get_branch_pipeline,ToolSearch,3,16
mcp__pf3c76d__create_merge_request_comment,mcp__pf3c76d__get_merge_request_discussions,3,16
Bash,mcp__pd16dd1__get_issues,3,16
mcp__pd16dd1__get_issues,mcp__pd16dd1__link_issues,3,16
mcp__p9e58dc__list_knowledge_base_pages,mcp__p9e58dc__create_knowledge_base_page,3,16
mcp__pa07824__clickup_update_task,mcp__pa07824__clickup_update_task,3,16
Bash,mcp__p5ee74d__create_merge_request,3,16
Edit,mcp__pd16dd1__get_chat_messages,3,16
Bash,mcp__p0f36b0__update_issue,3,16
mcp__p67cee4__create_merge_request,Bash,3,15
Grep,mcp__p7cbdd1__browser_snapshot,3,15
mcp__p7cbdd1__browser_wait_for,Grep,3,15
mcp__p7cbdd1__browser_click,mcp__p7cbdd1__browser_console_messages,3,15
Edit,Skill,3,15
mcp__p7cbdd1__browser_click,TodoWrite,3,15
mcp__p7cbdd1__browser_network_requests,Grep,3,15
mcp__p7cbdd1__browser_click,mcp__p7cbdd1__browser_network_requests,3,15
WebSearch,Grep,3,15
ExitPlanMode,TodoWrite,3,15
TodoWrite,WebFetch,3,15
WebSearch,Write,3,15
Read,mcp__pf3c76d__get_issues,3,15
WebFetch,TodoWrite,3,15
mcp__pd2ddfd__computer,Bash,3,15
Bash,mcp__p8f556d__create_merge_request_comment,3,15
mcp__p3a04ae__create_issue_comment,Bash,3,15
mcp__p67cee4__search_meeting_notes,mcp__p67cee4__get_meeting_transcript,3,14
mcp__p67cee4__create_issue,Bash,3,14
WebSearch,Glob,3,14
mcp__p67cee4__update_issue,Bash,3,14
Bash,mcp__p67cee4__create_merge_request_comment,3,14
Edit,mcp__p7cbdd1__browser_click,3,14
mcp__p7cbdd1__browser_wait_for,mcp__p7cbdd1__browser_navigate,3,14
Bash,mcp__p8eb7a0__get_branch_pipeline,3,14
mcp__pf3c76d__get_project_info,Grep,3,14
ToolSearch,mcp__pf3c76d__get_job_logs,3,14
Grep,mcp__pf3c76d__get_job_logs,3,14
mcp__pf3c76d__get_project_info,mcp__pf3c76d__create_issue,3,14
Read,mcp__pd16dd1__get_merge_request_pipeline,3,14
mcp__pd16dd1__get_merge_request_discussions,Grep,3,14
TodoWrite,mcp__pd16dd1__get_merge_requests,3,14
TodoWrite,mcp__pd16dd1__get_merge_request_pipeline,3,14
mcp__pd16dd1__get_merge_request_discussions,Glob,3,14
AskUserQuestion,Task,3,14
mcp__pd16dd1__get_epics,Read,3,14
mcp__pd16dd1__create_merge_request,Read,3,14
TodoWrite,mcp__pd16dd1__get_meeting_transcript,3,14
ToolSearch,mcp__pf3c76d__get_epics,3,14
mcp__pf3c76d__get_issue,Bash,3,14
mcp__pd16dd1__create_merge_request,Bash,3,14
Skill,ToolSearch,3,14
ToolSearch,mcp__pf3c76d__create_merge_request_comment,3,14
mcp__pd16dd1__update_issue,TodoWrite,3,14
mcp__pd16dd1__get_merge_request_pipeline,Grep,3,14
mcp__pd16dd1__get_meeting_transcript,mcp__pd16dd1__get_issues,3,14
mcp__pf3c76d__create_issue_comment,mcp__pf3c76d__create_issue_comment,3,14
Bash,mcp__p5ee74d__create_issue_comment,3,14
Read,mcp__pf3c76d__get_merge_request_diffs,3,14
ToolSearch,mcp__pf3c76d__get_meeting_transcript,3,14
mcp__p8f556d__create_merge_request_comment,mcp__p8f556d__create_merge_request_comment,3,14
mcp__p964188__get_issue_relations,Bash,3,14
mcp__pd16dd1__get_chat_messages,Edit,3,14
WebFetch,Write,3,14
mcp__p11f8c4__get_meeting_transcript,mcp__p11f8c4__create_knowledge_base_page,3,14
ToolSearch,mcp__p67cee4__get_meeting_transcript,3,13
Bash,mcp__p67cee4__create_issue,3,13
mcp__p7cbdd1__browser_snapshot,Grep,3,13
mcp__p7cbdd1__browser_network_requests,Bash,3,13
Bash,mcp__p67cee4__get_branch_pipeline,3,13
Task,AskUserQuestion,3,13
EnterPlanMode,Write,3,13
AskUserQuestion,Write,3,13
Agent,AskUserQuestion,3,13
WebSearch,AskUserQuestion,3,13
ScheduleWakeup,ScheduleWakeup,3,13
mcp__p11f8c4__read_sheet_data,mcp__p11f8c4__read_sheet_data,3,13
mcp__p3a04ae__create_issue,Edit,3,13
Read,Monitor,3,12
mcp__p67cee4__create_merge_request_comment,mcp__p67cee4__create_merge_request_comment,3,12
ToolSearch,mcp__p67cee4__send_message,3,12
mcp__p7cbdd1__browser_snapshot,mcp__p7cbdd1__browser_wait_for,3,12
Grep,Skill,3,12
ToolSearch,mcp__pf3c76d__get_pipeline,3,12
Skill,mcp__pf3c76d__get_issues,3,12
TaskOutput,Edit,3,12
mcp__pd16dd1__update_issue,Glob,3,12
mcp__pd16dd1__create_merge_request_comment,mcp__pd16dd1__get_merge_requests,3,12
Bash,mcp__pd16dd1__get_project_info,3,12
mcp__pf3c76d__get_merge_request_discussions,mcp__pf3c76d__get_merge_request_diffs,3,12
Bash,mcp__p5ee74d__get_merge_requests,3,12
mcp__p5ee74d__get_branch_pipeline,Bash,3,12
mcp__pd16dd1__create_issue,mcp__pd16dd1__link_issues,3,12
mcp__pd16dd1__link_issues,mcp__pd16dd1__link_issues,3,12
mcp__pd16dd1__get_issues,mcp__pd16dd1__get_epics,3,12
mcp__pf3c76d__get_epics,ToolSearch,3,12
Skill,mcp__pf3c76d__create_issue,3,12
mcp__pf3c76d__create_issue,Read,3,12
TaskList,Bash,3,12
Bash,mcp__p9e58dc__get_knowledge_base_page,3,12
mcp__p9e58dc__get_knowledge_base_page,mcp__p9e58dc__update_knowledge_base_page,3,12
mcp__pf3c76d__update_issue,Agent,3,12
mcp__pd16dd1__create_issue,TodoWrite,3,12
Write,AskUserQuestion,3,12
TodoWrite,mcp__pd16dd1__create_issue_comment,3,12
mcp__p5ee74d__get_issue,mcp__p5ee74d__update_issue,3,12
mcp__pf3c76d__create_merge_request,mcp__pf3c76d__update_issue,3,12
Bash,mcp__pf3c76d__get_issue,3,12
ToolSearch,ExitPlanMode,3,12
mcp__pf3c76d__get_issue,Agent,3,12
Grep,mcp__pf3c76d__update_issue,3,12
mcp__pf3c76d__create_merge_request_comment,Grep,3,12
Grep,mcp__pf3c76d__create_merge_request_comment,3,12
mcp__pd16dd1__link_issues,mcp__pd16dd1__get_issues,3,12
Bash,mcp__p0c7e74__add_issue_comment,3,12
mcp__p69428e__create_issue,mcp__p69428e__create_issue,3,12
Bash,mcp__p9846af__get_merge_request_discussions,3,12
mcp__p11f8c4__create_knowledge_base_page,mcp__p11f8c4__create_knowledge_base_page,3,12
mcp__p11f8c4__create_knowledge_base_page,TaskUpdate,3,12
Agent,WebFetch,3,12
Bash,mcp__pd2ddfd__computer,3,12
mcp__p67cee4__get_issues,mcp__p67cee4__create_issue,3,11
Skill,Glob,3,11
AskUserQuestion,Agent,3,11
mcp__p7cbdd1__browser_navigate,mcp__p7cbdd1__browser_type,3,11
Edit,Monitor,3,11
AskUserQuestion,TaskCreate,3,11
mcp__p7cbdd1__browser_click,Edit,3,11
Read,mcp__p7cbdd1__browser_click,3,11
Bash,mcp__p7cbdd1__browser_close,3,11
TaskUpdate,TaskList,3,11
Agent,Glob,3,11
Write,WebSearch,3,11
Glob,TaskCreate,3,11
Task,WebFetch,3,11
Bash,mcp__pd8e750__update_issue,3,11
TaskUpdate,mcp__p11f8c4__get_meeting_transcript,3,11
mcp__p67cee4__send_message,Bash,3,11
mcp__p67cee4__get_meeting_notes,mcp__p67cee4__get_meeting_transcript,3,10
mcp__p7cbdd1__browser_fill_form,Bash,3,10
TodoWrite,mcp__p7cbdd1__browser_navigate,3,10
mcp__p7cbdd1__browser_navigate,TodoWrite,3,10
mcp__p7cbdd1__browser_take_screenshot,Bash,3,10
WebFetch,ToolSearch,3,10
mcp__p7cbdd1__browser_evaluate,Bash,3,10
Grep,mcp__pf3c76d__create_issue,3,10
Edit,mcp__pd16dd1__get_merge_request_discussions,3,10
mcp__pd16dd1__get_issues,mcp__pd16dd1__get_issue_comments,3,10
mcp__pd16dd1__create_issue_comment,mcp__pd16dd1__get_merge_request_pipeline,3,10
mcp__pd16dd1__create_merge_request_comment,Edit,3,10
mcp__pf3c76d__get_merge_requests,Grep,3,10
Bash,mcp__pd16dd1__get_issue,3,10
Bash,mcp__pd16dd1__create_issue,3,10
TaskList,Read,3,10
mcp__pd16dd1__get_meeting_transcript,Bash,3,10
mcp__pf3c76d__get_issues,mcp__pf3c76d__get_issue,3,10
mcp__pd16dd1__get_merge_requests,Glob,3,10
mcp__pd16dd1__get_merge_request_diffs,mcp__pd16dd1__create_merge_request_comment,3,10
Read,mcp__pf3c76d__create_issue,3,10
mcp__pd16dd1__get_issue_relations,Read,3,10
mcp__pd16dd1__create_issue_comment,mcp__pd16dd1__get_branch_pipeline,3,10
Glob,TaskUpdate,3,10
mcp__pf3c76d__get_merge_request_diffs,mcp__pf3c76d__create_merge_request_comment,3,10
mcp__pd16dd1__get_issue_relations,TodoWrite,3,10
mcp__pd16dd1__get_project_info,Grep,3,10
mcp__pd16dd1__create_issue,mcp__pd16dd1__get_issue,3,10
TodoWrite,mcp__pd16dd1__create_merge_request,3,10
mcp__pd16dd1__create_merge_request,Edit,3,10
mcp__pf3c76d__get_branch_pipeline,Grep,3,10
mcp__pd16dd1__get_epics,mcp__pd16dd1__create_issue,3,10
AskUserQuestion,mcp__pd16dd1__create_issue,3,10
mcp__pd16dd1__update_issue,Edit,3,10
TodoWrite,mcp__pd16dd1__get_issue,3,10
mcp__pd16dd1__get_issue,TodoWrite,3,10
Grep,EnterPlanMode,3,10
ToolSearch,mcp__pf3c76d__get_merge_requests,3,10
mcp__pf3c76d__create_merge_request,Agent,3,10
mcp__p7cbdd1__browser_snapshot,mcp__p7cbdd1__browser_navigate,3,10
mcp__pd16dd1__create_merge_request_comment,mcp__pd16dd1__get_branch_pipeline,3,10
mcp__p11f8c4__get_meeting_transcript,Read,3,10
mcp__pf3c76d__get_issues,Agent,3,10
Write,WebFetch,3,10
mcp__pd16dd1__get_merge_request_pipeline,Edit,3,10
Bash,mcp__p5ee74d__create_merge_request_comment,3,10
mcp__pf3c76d__create_issue_comment,mcp__pf3c76d__update_issue,3,10
mcp__pf3c76d__get_issue,mcp__pf3c76d__get_issue,3,10
mcp__pf3c76d__create_issue,Agent,3,10
mcp__pf3c76d__get_meeting_transcript,mcp__pf3c76d__get_meeting_transcript,3,10
mcp__pf3c76d__create_issue,mcp__pf3c76d__update_issue,3,10
AskUserQuestion,WebSearch,3,10
Edit,TaskOutput,3,10
mcp__pf3c76d__get_issue,ToolSearch,3,10
mcp__pd16dd1__get_issues,mcp__pd16dd1__get_merge_request_discussions,3,10
Bash,mcp__p4368a5__get_project_info,3,10
mcp__pd16dd1__get_chat_messages,mcp__pd16dd1__get_chat_messages,3,10
mcp__p5ee74d__update_issue,Edit,3,10
Bash,mcp__p964188__update_issue,3,10
Agent,mcp__pf3c76d__create_issue,3,10
mcp__p0c7e74__add_issue_comment,Bash,3,10
TodoWrite,WebSearch,3,10
ToolSearch,mcp__p3a04ae__create_issue,3,10
mcp__p3a04ae__create_issue,mcp__p3a04ae__update_issue,3,10
mcp__p0f36b0__create_issue,Bash,3,10
mcp__p67cee4__get_meeting_transcript,mcp__p67cee4__get_issues,3,9
Glob,WebFetch,3,9
Bash,mcp__p67cee4__get_pipeline,3,9
mcp__p891dec__get_meeting_notes,mcp__p891dec__get_meeting_notes,3,9
Bash,mcp__p7cbdd1__browser_console_messages,3,9
Bash,mcp__p7cbdd1__browser_network_requests,3,9
mcp__p67cee4__update_sheet_cells,mcp__p67cee4__read_sheet_data,3,9
mcp__p7cbdd1__browser_close,Bash,3,9
mcp__p8eb7a0__get_branch_pipeline,Bash,3,9
Write,Task,3,9
mcp__p7cbdd1__browser_evaluate,Read,3,9
mcp__p8bceef__create_merge_request,Bash,3,9
mcp__pd2ddfd__tabs_context_mcp,Read,3,9
TodoWrite,AskUserQuestion,3,9
Read,TaskOutput,3,9
TaskUpdate,TaskOutput,3,9
TaskList,TaskCreate,3,9
mcp__p8f556d__get_pipeline,Bash,3,9
Grep,mcp__p7cbdd1__browser_wait_for,3,9
mcp__pf3c76d__send_message,Agent,3,9
Bash,mcp__pd8e750__add_issue_comment,3,9
Bash,mcp__p11f8c4__update_sheet_cells,3,9
mcp__p11f8c4__get_meeting_transcript,ToolSearch,3,9
ToolSearch,mcp__p3a04ae__create_issue_comment,3,9
Bash,mcp__p0f36b0__create_issue,3,9
ToolSearch,mcp__p67cee4__update_issue,3,8
mcp__p67cee4__create_merge_request_comment,TodoWrite,3,8
ToolSearch,mcp__p891dec__get_meeting_transcript,3,8
mcp__p7cbdd1__browser_console_messages,Grep,3,8
mcp__p7cbdd1__browser_click,mcp__p7cbdd1__browser_close,3,8
mcp__p67cee4__get_pipeline,Bash,3,8
Bash,mcp__p7cbdd1__browser_take_screenshot,3,8
mcp__p67cee4__get_issue,Read,3,8
mcp__p7cbdd1__browser_click,Glob,3,8
WebSearch,TodoWrite,3,8
Grep,mcp__pf3c76d__get_issues,3,8
mcp__pf3c76d__get_epics,Skill,3,8
mcp__pd16dd1__get_issues,mcp__pd16dd1__update_issue,3,8
mcp__pd16dd1__get_issues,Skill,3,8
mcp__pd16dd1__get_merge_request_pipeline,mcp__pd16dd1__get_merge_requests,3,8
mcp__pd16dd1__create_issue,mcp__pd16dd1__get_issue_relations,3,8
mcp__pf3c76d__get_epics,Read,3,8
ToolSearch,mcp__pf3c76d__get_issue_comments,3,8
mcp__pf3c76d__get_issue_relations,Bash,3,8
mcp__pf3c76d__get_merge_request_discussions,Grep,3,8
Skill,AskUserQuestion,3,8
AskUserQuestion,ToolSearch,3,8
mcp__pd16dd1__get_project_info,Bash,3,8
mcp__p7cbdd1__browser_fill_form,mcp__p7cbdd1__browser_click,3,8
mcp__pd16dd1__get_issue_comments,Read,3,8
mcp__pd16dd1__get_issues,mcp__pd16dd1__create_issue,3,8
Grep,mcp__pd16dd1__get_issues,3,8
mcp__pd16dd1__create_merge_request_comment,Glob,3,8
TaskUpdate,Task,3,8
Bash,mcp__pd16dd1__get_issue_relations,3,8
Grep,mcp__pf3c76d__get_branch_pipeline,3,8
mcp__pd16dd1__update_issue,Grep,3,8
mcp__pd16dd1__get_epics,mcp__pd16dd1__get_issues,3,8
mcp__pd16dd1__get_merge_request_pipeline,mcp__pd16dd1__create_merge_request_comment,3,8
mcp__pcd9e51__update_issue,mcp__pcd9e51__create_issue,3,8
mcp__pcd9e51__create_issue,mcp__pcd9e51__update_issue,3,8
mcp__pd16dd1__get_meeting_transcript,mcp__pd16dd1__update_issue,3,8
Bash,mcp__pcd9e51__create_issue,3,8
mcp__pd16dd1__create_issue_comment,mcp__pd16dd1__get_merge_request_discussions,3,8
ToolSearch,mcp__pf3c76d__get_issue_relations,3,8
mcp__pf3c76d__get_issue_comments,Bash,3,8
mcp__pf3c76d__update_issue,TaskCreate,3,8
mcp__pd16dd1__get_branch_pipeline,TodoWrite,3,8
mcp__pf3c76d__create_merge_request_comment,Agent,3,8
Bash,mcp__p9e58dc__list_knowledge_base_docs,3,8
mcp__p9e58dc__get_knowledge_base_page,Read,3,8
mcp__p9e58dc__list_knowledge_base_docs,mcp__p9e58dc__get_knowledge_base_spaces,3,8
mcp__p9e58dc__update_knowledge_base_page,Bash,3,8
Bash,mcp__p9e58dc__list_knowledge_base_pages,3,8
mcp__p9e58dc__create_knowledge_base_page,Bash,3,8
WebFetch,mcp__pf3c76d__get_merge_request_diffs,3,8
mcp__pd16dd1__get_project_info,AskUserQuestion,3,8
mcp__pd16dd1__get_epics,Grep,3,8
mcp__pd16dd1__get_messenger_chats,Bash,3,8
mcp__pd16dd1__create_epic,mcp__pd16dd1__get_issues,3,8
mcp__pf3c76d__create_merge_request,Grep,3,8
mcp__p7cbdd1__browser_run_code,Bash,3,8
mcp__pf3c76d__create_merge_request,Edit,3,8
mcp__pd16dd1__create_merge_request_comment,mcp__pd16dd1__get_merge_request_pipeline,3,8
ToolSearch,TaskOutput,3,8
mcp__p5ee74d__get_meeting_transcript,mcp__p5ee74d__get_issues,3,8
ExitPlanMode,WebSearch,3,8
mcp__pf3c76d__get_epics,Agent,3,8
mcp__p5ee74d__get_issue,Bash,3,8
Read,mcp__pf3c76d__get_branch_pipeline,3,8
mcp__pd16dd1__get_merge_request_discussions,mcp__pd16dd1__get_branch_pipeline,3,8
mcp__p7cbdd1__browser_type,Grep,3,8
mcp__p7cbdd1__browser_type,mcp__p7cbdd1__browser_wait_for,3,8
mcp__p7cbdd1__browser_snapshot,TodoWrite,3,8
mcp__pd16dd1__get_merge_request_discussions,Write,3,8
mcp__p8f556d__create_merge_request_comment,Bash,3,8
Bash,mcp__p964188__get_project_info,3,8
mcp__p964188__create_issue,mcp__p964188__get_issue_relations,3,8
mcp__p5ee74d__get_issues,mcp__p5ee74d__create_issue_comment,3,8
TaskOutput,Grep,3,8
mcp__pd16dd1__get_issue_relations,mcp__pd16dd1__get_issues,3,8
mcp__p964188__update_issue,Read,3,8
Read,mcp__pf3c76d__create_merge_request_comment,3,8
mcp__p5ee74d__get_merge_requests,ToolSearch,3,8
mcp__pf3c76d__get_project_info,Bash,3,8
mcp__pf3c76d__update_issue,Glob,3,8
mcp__pf3c76d__search_chat_messages,Agent,3,8
mcp__p9846af__update_issue,mcp__p9846af__update_issue,3,8
mcp__p5ee74d__get_branch_pipeline,ToolSearch,3,8
Bash,mcp__pd8e750__get_pipeline,3,8
mcp__pd8e750__get_issues,mcp__pd8e750__get_issues,3,8
mcp__p3a04ae__create_issue_comment,mcp__p3a04ae__update_issue,3,8
Edit,mcp__p3a04ae__update_issue,3,8
mcp__pd2ddfd__computer,mcp__pd2ddfd__computer,3,8
mcp__p0f36b0__update_issue,mcp__p0f36b0__update_issue,3,8
mcp__p0f36b0__update_issue,Bash,3,8
TaskUpdate,mcp__p1b45fc__update_sheet_cells,3,8
Glob,Agent,3,7
mcp__p7cbdd1__browser_snapshot,mcp__p7cbdd1__browser_fill_form,3,7
Bash,mcp__p67cee4__get_issue,3,7
mcp__p67cee4__get_meeting_transcript,Bash,3,7
Grep,WebFetch,3,7
mcp__p67cee4__read_sheet_data,mcp__p67cee4__update_sheet_cells,3,7
mcp__p7cbdd1__browser_snapshot,mcp__p7cbdd1__browser_evaluate,3,7
mcp__p8eb7a0__get_branch_pipeline,Read,3,7
TaskList,TaskUpdate,3,7
Bash,mcp__p7cbdd1__browser_fill_form,3,7
mcp__p7cbdd1__browser_wait_for,Edit,3,7
TaskOutput,TaskUpdate,3,7
ToolSearch,AskUserQuestion,3,7
mcp__p11f8c4__get_meeting_notes,mcp__p11f8c4__get_meeting_transcript,3,7
Bash,mcp__p8bceef__create_merge_request,3,7
mcp__p8f556d__create_merge_request_comment,TaskCreate,3,7
TaskCreate,Agent,3,7
Write,Skill,3,7
ExitPlanMode,WebFetch,3,7
WebFetch,ExitPlanMode,3,7
mcp__pf3c76d__get_issues,mcp__pf3c76d__create_issue,3,7
Task,WebSearch,3,7
Edit,ScheduleWakeup,3,7
mcp__p0c7e74__add_issue_comment,Write,3,7
mcp__p18d1b3__create_issue,mcp__p18d1b3__create_issue,3,7
mcp__p18d1b3__link_issues,mcp__p18d1b3__link_issues,3,7
mcp__pd8e750__get_issues,Bash,3,7
mcp__pd8e750__add_issue_comment,Bash,3,7
ToolSearch,mcp__p11f8c4__get_meeting_transcript,3,7
Read,mcp__p3a04ae__create_issue,3,7
mcp__p67cee4__get_meeting_transcript,mcp__p67cee4__search_meeting_notes,3,7
Bash,mcp__p3a04ae__get_issues,3,7
mcp__p3a04ae__update_issue,Write,3,7
Edit,EnterPlanMode,3,7
Monitor,Edit,3,6
mcp__p67cee4__create_issue,Agent,3,6
Grep,mcp__p7cbdd1__browser_click,3,6
mcp__p67cee4__update_issue,Read,3,6
mcp__p67cee4__create_merge_request,mcp__p67cee4__get_issue,3,6
mcp__p67cee4__get_meeting_transcript,mcp__p67cee4__send_message,3,6
mcp__p67cee4__get_merge_request_discussions,Read,3,6
mcp__p67cee4__create_issue,Read,3,6
TodoWrite,mcp__p67cee4__create_merge_request_comment,3,6
mcp__p67cee4__get_langfuse_traces,Bash,3,6
Bash,mcp__p67cee4__get_merge_request_discussions,3,6
Glob,WebSearch,3,6
mcp__p67cee4__get_meeting_transcript,mcp__p67cee4__get_messenger_chats,3,6
mcp__p7cbdd1__browser_navigate,mcp__p7cbdd1__browser_take_screenshot,3,6
Read,mcp__p7cbdd1__browser_snapshot,3,6
Bash,mcp__p67cee4__send_message,3,6
mcp__p7cbdd1__browser_click,mcp__p7cbdd1__browser_press_key,3,6
mcp__pf3c76d__create_issue,Grep,3,6
mcp__pf3c76d__create_issue,mcp__pf3c76d__get_issue_comments,3,6
mcp__pf3c76d__get_issue_comments,mcp__pf3c76d__update_issue,3,6
Skill,Edit,3,6
mcp__pf3c76d__get_merge_requests,ToolSearch,3,6
mcp__pf3c76d__get_merge_request_discussions,Edit,3,6
mcp__pf3c76d__get_issues,mcp__pf3c76d__get_project_info,3,6
mcp__pd16dd1__get_merge_request_discussions,mcp__pd16dd1__get_merge_requests,3,6
Read,mcp__pd16dd1__create_issue_comment,3,6
mcp__pd16dd1__get_issue_comments,mcp__pd16dd1__get_issues,3,6
mcp__pd16dd1__update_issue,mcp__pd16dd1__get_issue_comments,3,6
mcp__pd16dd1__create_issue,mcp__pd16dd1__get_issue_comments,3,6
mcp__pd16dd1__create_issue_comment,Edit,3,6
mcp__pd16dd1__create_merge_request,Task,3,6
mcp__pd16dd1__create_merge_request,Grep,3,6
mcp__pd16dd1__search_meeting_notes,mcp__pd16dd1__get_meeting_transcript,3,6
mcp__pd16dd1__get_meeting_transcript,Edit,3,6
mcp__pf3c76d__create_issue,TaskCreate,3,6
Bash,mcp__pf3c76d__get_epics,3,6
mcp__pf3c76d__get_epics,mcp__pf3c76d__get_issues,3,6
mcp__pd16dd1__get_issues,Task,3,6
TodoWrite,mcp__pd16dd1__get_issue_comments,3,6
Read,mcp__pd16dd1__get_merge_request_diffs,3,6
mcp__pd16dd1__create_merge_request_comment,Grep,3,6
mcp__pf3c76d__create_merge_request,mcp__pf3c76d__get_merge_request_discussions,3,6
mcp__pd16dd1__create_merge_request_comment,Task,3,6
EnterPlanMode,Glob,3,6
Glob,ExitPlanMode,3,6
mcp__pf3c76d__get_epics,Grep,3,6
mcp__pf3c76d__create_merge_request_comment,Skill,3,6
mcp__pf3c76d__get_merge_request_discussions,TaskCreate,3,6
Edit,mcp__pf3c76d__create_merge_request_comment,3,6
mcp__pd16dd1__get_issue_comments,Grep,3,6
mcp__p5ee74d__get_merge_requests,Bash,3,6
Grep,mcp__pd16dd1__create_merge_request_comment,3,6
Bash,mcp__pcd9e51__update_issue,3,6
mcp__pf3c76d__get_messenger_chats,mcp__pf3c76d__send_message,3,6
mcp__pd16dd1__update_issue,mcp__pd16dd1__get_meeting_transcript,3,6
Read,mcp__pd16dd1__get_meeting_transcript,3,6
mcp__pd16dd1__get_project_info,mcp__pd16dd1__create_issue,3,6
mcp__pcd9e51__create_issue,TodoWrite,3,6
mcp__pd16dd1__create_issue,mcp__pd16dd1__get_issues,3,6
mcp__pd16dd1__get_issue,mcp__pd16dd1__get_issue,3,6
mcp__pf3c76d__create_merge_request,ToolSearch,3,6
ToolSearch,mcp__pf3c76d__create_merge_request,3,6
mcp__pf3c76d__get_merge_requests,mcp__pf3c76d__get_issues,3,6
Read,mcp__pd16dd1__get_issue,3,6
mcp__pcd9e51__get_issue_comments,mcp__pcd9e51__get_issue_comments,3,6
mcp__pd16dd1__get_epics,TodoWrite,3,6
mcp__pd16dd1__update_issue,Task,3,6
Read,mcp__pd16dd1__get_merge_requests,3,6
Bash,mcp__p11f8c4__get_meeting_transcript,3,6
TaskCreate,Task,3,6
Read,mcp__pd16dd1__get_project_info,3,6
Edit,mcp__pf3c76d__get_branch_pipeline,3,6
mcp__p3b05f5__get_issues,Bash,3,6
Read,ScheduleWakeup,3,6
Monitor,Read,3,6
mcp__pd16dd1__update_issue,mcp__pd16dd1__get_issue_relations,3,6
Edit,mcp__p7cbdd1__browser_snapshot,3,6
ToolSearch,mcp__p5ee74d__get_issue,3,6
mcp__p5ee74d__get_issues,ToolSearch,3,6
mcp__pf3c76d__create_merge_request_comment,mcp__pf3c76d__get_branch_pipeline,3,6
mcp__pf3c76d__get_merge_request_discussions,mcp__pf3c76d__get_branch_pipeline,3,6
mcp__pf3c76d__get_branch_pipeline,Glob,3,6
Bash,mcp__p772686__get_merge_requests,3,6
mcp__p5ee74d__create_merge_request_comment,mcp__p5ee74d__create_merge_request_comment,3,6
mcp__pd2ddfd__read_page,Bash,3,6
mcp__pf3c76d__get_issue,Read,3,6
mcp__pf3c76d__get_job_logs,Agent,3,6
ToolSearch,EnterPlanMode,3,6
mcp__pf3c76d__get_meeting_transcript,mcp__pf3c76d__send_message,3,6
mcp__pf3c76d__send_message,ToolSearch,3,6
mcp__pd16dd1__get_merge_requests,Edit,3,6
mcp__pf3c76d__get_project_info,AskUserQuestion,3,6
mcp__pf3c76d__get_merge_request_diffs,mcp__pf3c76d__get_merge_request_discussions,3,6
mcp__pf3c76d__get_branch_pipeline,Write,3,6
Read,mcp__pf3c76d__update_issue,3,6
mcp__pd16dd1__link_issues,mcp__pd16dd1__get_issue_relations,3,6
mcp__pd16dd1__get_issue_comments,mcp__pd16dd1__update_issue,3,6
mcp__p7cbdd1__browser_snapshot,mcp__p7cbdd1__browser_type,3,6
mcp__pd16dd1__get_merge_requests,mcp__pd16dd1__get_issues,3,6
ToolSearch,mcp__pd16dd1__get_issues,3,6
Edit,mcp__pd16dd1__get_issues,3,6
Grep,mcp__pd16dd1__get_epics,3,6
mcp__p4368a5__get_project_info,Bash,3,6
Bash,mcp__p964188__create_issue,3,6
ToolSearch,Task,3,6
TodoWrite,mcp__pd16dd1__create_issue,3,6
mcp__pd16dd1__update_issue,mcp__pd16dd1__get_issue,3,6
mcp__p7cbdd1__browser_navigate,mcp__p7cbdd1__browser_press_key,3,6
Bash,mcp__p964188__link_issues,3,6
mcp__p964188__get_issue_relations,WebFetch,3,6
mcp__pf3c76d__update_issue,Grep,3,6
mcp__pf3c76d__create_issue_comment,Agent,3,6
mcp__pd16dd1__get_branch_pipeline,mcp__pd16dd1__get_messenger_chats,3,6
Write,mcp__pd16dd1__get_merge_request_pipeline,3,6
Bash,mcp__p0c7e74__create_issue,3,6
Bash,mcp__p0c7e74__get_issues,3,6
Agent,mcp__pf3c76d__update_issue,3,6
Bash,mcp__p9846af__create_merge_request,3,6
mcp__p9846af__get_issues,Read,3,6
mcp__pd8e750__create_merge_request_comment,mcp__pd8e750__get_merge_request_discussions,3,6
Read,mcp__pd8e750__create_merge_request_comment,3,6
mcp__p11f8c4__create_issue,mcp__p11f8c4__get_meeting_transcript,3,6
TodoWrite,mcp__p11f8c4__update_sheet_cells,3,6
mcp__p11f8c4__update_sheet_cells,Bash,3,6
mcp__pf3c76d__search_meeting_notes,mcp__pf3c76d__get_meeting_transcript,3,6
mcp__p3a04ae__create_issue,ToolSearch,3,6
mcp__p3a04ae__update_issue,mcp__p3a04ae__update_issue,3,6
mcp__p3a04ae__update_issue,Read,3,6
mcp__p0f36b0__update_issue,Read,3,6
mcp__p1b45fc__update_sheet_cells,TaskUpdate,3,6
mcp__p1b45fc__update_sheet_cells,mcp__p1b45fc__read_sheet_data,3,6
mcp__p67cee4__search_meeting_notes,ToolSearch,3,5
mcp__pf1a3f9__get_issues,mcp__pf1a3f9__get_issues,3,5
Task,ToolSearch,3,5
mcp__p67cee4__get_messenger_chats,mcp__p67cee4__send_message,3,5
mcp__p67cee4__create_issue,mcp__p67cee4__update_sheet_cells,3,5
mcp__p67cee4__create_merge_request_comment,Read,3,5
mcp__p67cee4__create_merge_request_comment,Bash,3,5
mcp__p67cee4__get_merge_request_pipeline,Grep,3,5
mcp__p67cee4__create_merge_request_comment,mcp__p67cee4__get_merge_request_discussions,3,5
mcp__p67cee4__update_issue,TodoWrite,3,5
mcp__p7cbdd1__browser_click,Task,3,5
Edit,mcp__p7cbdd1__browser_console_messages,3,5
mcp__p67cee4__update_issue,Grep,3,5
mcp__p7cbdd1__browser_take_screenshot,Grep,3,5
mcp__p7cbdd1__browser_snapshot,mcp__p7cbdd1__browser_take_screenshot,3,5
mcp__p7cbdd1__browser_take_screenshot,Read,3,5
Bash,mcp__p67cee4__get_merge_request_pipeline,3,5
ToolSearch,mcp__pd2ddfd__tabs_context_mcp,3,5
ToolSearch,mcp__p67cee4__search_meeting_notes,3,5
mcp__p67cee4__read_sheet_data,mcp__p67cee4__read_sheet_data,3,5
mcp__p7cbdd1__browser_click,mcp__p7cbdd1__browser_evaluate,3,5
KillShell,Bash,3,5
mcp__p7cbdd1__browser_press_key,Bash,3,5
mcp__p7cbdd1__browser_console_messages,Read,3,5
mcp__p7cbdd1__browser_take_screenshot,mcp__p7cbdd1__browser_click,3,5
mcp__p7cbdd1__browser_network_requests,Read,3,5
mcp__p67cee4__get_branch_pipeline,Bash,3,5
mcp__p7cbdd1__browser_console_messages,mcp__p7cbdd1__browser_evaluate,3,5
mcp__p7cbdd1__browser_wait_for,TodoWrite,3,5
mcp__p7cbdd1__browser_navigate,mcp__p7cbdd1__browser_close,3,5
mcp__p7cbdd1__browser_wait_for,Read,3,5
EnterPlanMode,AskUserQuestion,3,5
ToolSearch,mcp__p3b05f5__get_issues,3,5
Monitor,Write,3,5
TaskUpdate,Monitor,3,5
Read,mcp__pd2ddfd__tabs_context_mcp,3,5
WebSearch,Agent,3,5
mcp__pf3c76d__get_messenger_chats,Bash,3,5
mcp__pf3c76d__send_message,Bash,3,5
mcp__p7cbdd1__browser_close,mcp__p7cbdd1__browser_snapshot,3,5
Bash,mcp__p8f556d__get_merge_request_discussions,3,5
Bash,mcp__p325230__create_merge_request_comment,3,5
mcp__p7cbdd1__browser_close,Edit,3,5
ExitPlanMode,Grep,3,5
ExitPlanMode,AskUserQuestion,3,5
mcp__pf3c76d__send_message,Read,3,5
Bash,mcp__pf3c76d__send_message,3,5
mcp__p0c7e74__create_issue,Bash,3,5
Bash,mcp__pd8e750__create_merge_request,3,5
mcp__pd8e750__get_pipeline,Bash,3,5
mcp__pd8e750__create_merge_request_comment,Bash,3,5
WebFetch,TaskUpdate,3,5
mcp__p11f8c4__update_sheet_cells,WebSearch,3,5
WebSearch,mcp__p11f8c4__update_sheet_cells,3,5
mcp__p11f8c4__read_sheet_data,Bash,3,5
mcp__p67cee4__get_messenger_chats,Bash,3,5
mcp__p3a04ae__create_epic,mcp__p3a04ae__create_issue,3,5
Edit,mcp__pd2ddfd__tabs_context_mcp,3,5
ToolSearch,mcp__p3a04ae__update_issue,3,5
mcp__p3a04ae__update_issue,Edit,3,5
mcp__p3a04ae__create_issue_comment,Edit,3,5
mcp__p3a04ae__create_issue,Read,3,5
WebFetch,Agent,3,5
mcp__p3a04ae__update_issue,ToolSearch,3,5
TaskCreate,mcp__p1b45fc__update_sheet_cells,3,5
mcp__p1b45fc__send_message,mcp__p1b45fc__send_message,3,5
