[      58ms] [ERROR] [webpack-dev-server] Errors while compiling. Reload prevented. @ http://localhost:4500/polyfills.js:730
[      59ms] [ERROR] [webpack-dev-server] ERROR in ./apps/dev-boy-dashboard-ui/src/styles/styles.scss?ngGlobalStyle (./apps/dev-boy-dashboard-ui/src/styles/styles.scss.webpack[javascript/auto]!=!./node_modules/.pnpm/css-loader@7.1.2_@rspack+core@1.3.12_@swc+helpers@0.5.18__webpack@5.101.2_@swc+core@1.5.7_@swc+helpers@0.5.15__/node_modules/css-loader/dist/cjs.js??ruleSet[1].rules[6].rules[0].oneOf[0].use[1]!./node_modules/.pnpm/postcss-loader@8.1.1_@rspack+core@1.3.12_@swc+helpers@0.5.18__postcss@8.5.6_typescript@_c953ef3422bf74881f5136c1e03e99f6/node_modules/postcss-loader/dist/cjs.js??ruleSet[1].rules[6].rules[0].oneOf[0].use[2]!./node_modules/.pnpm/resolve-url-loader@5.0.0/node_modules/resolve-url-loader/index.js??ruleSet[1].rules[6].rules[1].use[0]!./node_modules/.pnpm/sass-loader@16.0.5_@rspack+core@1.3.12_@swc+helpers@0.5.18__sass-embedded@1.97.1_sass@1_c9f287bff3db120e3a945549ea687ba6/node_modules/sass-loader/dist/cjs.js??ruleSet[1].rules[6].rules[1].use[1]!./apps/dev-boy-dashboard-ui/src/styles/styles.scss?ngGlobalStyle)
Module build failed (from ./node_modules/.pnpm/sass-loader@16.0.5_@rspack+core@1.3.12_@swc+helpers@0.5.18__sass-embedded@1.97.1_sass@1_c9f287bff3db120e3a945549ea687ba6/node_modules/sass-loader/dist/cjs.js):
Error: ENOENT: no such file or directory, open '/Users/andreymaznyak/projects/meteora/DEV_ENV_4/devboy-env-4/apps/dev-boy-dashboard-ui/src/styles/styles.scss' @ http://localhost:4500/polyfills.js:730
[      59ms] [ERROR] [webpack-dev-server] ERROR in ./apps/dev-boy-dashboard-ui/src/styles/dark.less?ngGlobalStyle (./apps/dev-boy-dashboard-ui/src/styles/dark.less.webpack[javascript/auto]!=!./node_modules/.pnpm/css-loader@7.1.2_@rspack+core@1.3.12_@swc+helpers@0.5.18__webpack@5.101.2_@swc+core@1.5.7_@swc+helpers@0.5.15__/node_modules/css-loader/dist/cjs.js??ruleSet[1].rules[8].rules[0].oneOf[0].use[1]!./node_modules/.pnpm/postcss-loader@8.1.1_@rspack+core@1.3.12_@swc+helpers@0.5.18__postcss@8.5.6_typescript@_c953ef3422bf74881f5136c1e03e99f6/node_modules/postcss-loader/dist/cjs.js??ruleSet[1].rules[8].rules[0].oneOf[0].use[2]!./node_modules/.pnpm/less-loader@12.3.0_@rspack+core@1.3.12_@swc+helpers@0.5.18__less@4.4.0_webpack@5.101.2__c548343199fb8f76dfc5447fe35483e7/node_modules/less-loader/dist/cjs.js??ruleSet[1].rules[8].rules[1].use[0]!./apps/dev-boy-dashboard-ui/src/styles/dark.less?ngGlobalStyle)
Module build failed (from ./node_modules/.pnpm/less-loader@12.3.0_@rspack+core@1.3.12_@swc+helpers@0.5.18__less@4.4.0_webpack@5.101.2__c548343199fb8f76dfc5447fe35483e7/node_modules/less-loader/dist/cjs.js):
Error: ENOENT: no such file or directory, open '/Users/andreymaznyak/projects/meteora/DEV_ENV_4/devboy-env-4/apps/dev-boy-dashboard-ui/src/styles/dark.less' @ http://localhost:4500/polyfills.js:730
[      59ms] [ERROR] [webpack-dev-server] ERROR in ./apps/dev-boy-dashboard-ui/src/styles/default.less?ngGlobalStyle (./apps/dev-boy-dashboard-ui/src/styles/default.less.webpack[javascript/auto]!=!./node_modules/.pnpm/css-loader@7.1.2_@rspack+core@1.3.12_@swc+helpers@0.5.18__webpack@5.101.2_@swc+core@1.5.7_@swc+helpers@0.5.15__/node_modules/css-loader/dist/cjs.js??ruleSet[1].rules[8].rules[0].oneOf[0].use[1]!./node_modules/.pnpm/postcss-loader@8.1.1_@rspack+core@1.3.12_@swc+helpers@0.5.18__postcss@8.5.6_typescript@_c953ef3422bf74881f5136c1e03e99f6/node_modules/postcss-loader/dist/cjs.js??ruleSet[1].rules[8].rules[0].oneOf[0].use[2]!./node_modules/.pnpm/less-loader@12.3.0_@rspack+core@1.3.12_@swc+helpers@0.5.18__less@4.4.0_webpack@5.101.2__c548343199fb8f76dfc5447fe35483e7/node_modules/less-loader/dist/cjs.js??ruleSet[1].rules[8].rules[1].use[0]!./apps/dev-boy-dashboard-ui/src/styles/default.less?ngGlobalStyle)
Module build failed (from ./node_modules/.pnpm/less-loader@12.3.0_@rspack+core@1.3.12_@swc+helpers@0.5.18__less@4.4.0_webpack@5.101.2__c548343199fb8f76dfc5447fe35483e7/node_modules/less-loader/dist/cjs.js):
Error: ENOENT: no such file or directory, open '/Users/andreymaznyak/projects/meteora/DEV_ENV_4/devboy-env-4/apps/dev-boy-dashboard-ui/src/styles/default.less' @ http://localhost:4500/polyfills.js:730
[      59ms] [ERROR] [webpack-dev-server] ERROR in ./apps/dev-boy-dashboard-ui/src/styles/styles.scss?ngGlobalStyle
Module build failed (from ./node_modules/.pnpm/mini-css-extract-plugin@2.9.4_webpack@5.101.2_@swc+core@1.5.7_@swc+helpers@0.5.15__/node_modules/mini-css-extract-plugin/dist/loader.js):
HookWebpackError: Module build failed (from ./node_modules/.pnpm/sass-loader@16.0.5_@rspack+core@1.3.12_@swc+helpers@0.5.18__sass-embedded@1.97.1_sass@1_c9f287bff3db120e3a945549ea687ba6/node_modules/sass-loader/dist/cjs.js):
Error: ENOENT: no such file or directory, open '/Users/andreymaznyak/projects/meteora/DEV_ENV_4/devboy-env-4/apps/dev-boy-dashboard-ui/src/styles/styles.scss'
    at tryRunOrWebpackError (/Users/andreymaznyak/projects/meteora/DEV_ENV_4/devboy-env-4/node_modules/.pnpm/webpack@5.101.2_@swc+core@1.5.7_@swc+helpers@0.5.15__esbuild@0.25.9/node_modules/webpack/lib/HookWebpackError.js:87:9)
    at __webpack_require_module__ (/Users/andreymaznyak/projects/meteora/DEV_ENV_4/devboy-env-4/node_modules/.pnpm/webpack@5.101.2_@swc+core@1.5.7_@swc+helpers@0.5.15__esbuild@0.25.9/node_modules/webpack/lib/Compilation.js:5515:12)
    at __webpack_require__ (/Users/andreymaznyak/projects/meteora/DEV_ENV_4/devboy-env-4/node_modules/.pnpm/webpack@5.101.2_@swc+core@1.5.7_@swc+helpers@0.5.15__esbuild@0.25.9/node_modules/webpack/lib/Compilation.js:5462:18)
    at /Users/andreymaznyak/projects/meteora/DEV_ENV_4/devboy-env-4/node_modules/.pnpm/webpack@5.101.2_@swc+core@1.5.7_@swc+helpers@0.5.15__esbuild@0.25.9/node_modules/webpack/lib/Compilation.js:5550:20
    at symbolIterator (/Users/andreymaznyak/projects/meteora/DEV_ENV_4/devboy-env-4/node_modules/.pnpm/neo-async@2.6.2/node_modules/neo-async/async.js:3485:9)
    at done (/Users/andreymaznyak/projects/meteora/DEV_ENV_4/devboy-env-4/node_modules/.pnpm/neo-async@2.6.2/node_modules/neo-async/async.js:3527:9)
    at Hook.eval [as callAsync] (eval at create (/Users/andreymaznyak/projects/meteora/DEV_ENV_4/devboy-env-4/node_modules/.pnpm/tapable@2.2.1/node_modules/tapable/lib/HookCodeFactory.js:33:10), <anonymous>:15:1)
    at Hook.CALL_ASYNC_DELEGATE [as _callAsync] (/Users/andreymaznyak/projects/meteora/DEV_ENV_4/devboy-env-4/node_modules/.pnpm/tapable@2.2.1/node_modules/tapable/lib/Hook.js:18:14)
    at /Users/andreymaznyak/projects/meteora/DEV_ENV_4/devboy-env-4/node_modules/.pnpm/webpack@5.101.2_@swc+core@1.5.7_@swc+helpers@0.5.15__esbuild@0.25.9/node_modules/webpack/lib/Compilation.js:5437:43
    at symbolIterator (/Users/andreymaznyak/projects/meteora/DEV_ENV_4/devboy-env-4/node_modules/.pnpm/neo-async@2.6.2/node_modules/neo-async/async.js:3482:9)
    at timesSync (/Users/andreymaznyak/projects/meteora/DEV_ENV_4/devboy-env-4/node_modules/.pnpm/neo-async@2.6.2/node_modules/neo-async/async.js:2297:7)
    at Object.eachLimit (/Users/andreymaznyak/projects/meteora/DEV_ENV_4/devboy-env-4/node_modules/.pnpm/neo-async@2.6.2/node_modules/neo-async/async.js:3463:5)
    at /Users/andreymaznyak/projects/meteora/DEV_ENV_4/devboy-env-4/node_modules/.pnpm/webpack@5.101.2_@swc+core@1.5.7_@swc+helpers@0.5.15__esbuild@0.25.9/node_modules/webpack/lib/Compilation.js:5399:16
    at symbolIterator (/Users/andreymaznyak/projects/meteora/DEV_ENV_4/devboy-env-4/node_modules/.pnpm/neo-async@2.6.2/node_modules/neo-async/async.js:3485:9)
    at timesSync (/Users/andreymaznyak/projects/meteora/DEV_ENV_4/devboy-env-4/node_modules/.pnpm/neo-async@2.6.2/node_modules/neo-async/async.js:2297:7)
    at Object.eachLimit (/Users/andreymaznyak/projects/meteora/DEV_ENV_4/devboy-env-4/node_modules/.pnpm/neo-async@2.6.2/node_modules/neo-async/async.js:3463:5)
    at /Users/andreymaznyak/projects/meteora/DEV_ENV_4/devboy-env-4/node_modules/.pnpm/webpack@5.101.2_@swc+core@1.5.7_@swc+helpers@0.5.15__esbuild@0.25.9/node_modules/webpack/lib/Compilation.js:5367:15
    at symbolIterator (/Users/andreymaznyak/projects/meteora/DEV_ENV_4/devboy-env-4/node_modules/.pnpm/neo-async@2.6.2/node_modules/neo-async/async.js:3485:9)
    at done (/Users/andreymaznyak/projects/meteora/DEV_ENV_4/devboy-env-4/node_modules/.pnpm/neo-async@2.6.2/node_modules/neo-async/async.js:3527:9)
    at /Users/andreymaznyak/projects/meteora/DEV_ENV_4/devboy-env-4/node_modules/.pnpm/webpack@5.101.2_@swc+core@1.5.7_@swc+helpers@0.5.15__esbuild@0.25.9/node_modules/webpack/lib/Compilation.js:5313:8
    at /Users/andreymaznyak/projects/meteora/DEV_ENV_4/devboy-env-4/node_modules/.pnpm/webpack@5.101.2_@swc+core@1.5.7_@swc+helpers@0.5.15__esbuild@0.25.9/node_modules/webpack/lib/Compilation.js:3713:6
    at /Users/andreymaznyak/projects/meteora/DEV_ENV_4/devboy-env-4/node_modules/.pnpm/webpack@5.101.2_@swc+core@1.5.7_@swc+helpers@0.5.15__esbuild@0.25.9/node_modules/webpack/lib/HookWebpackError.js:68:2
    at _done (eval at create (/Users/andreymaznyak/projects/meteora/DEV_ENV_4/devboy-env-4/node_modules/.pnpm/tapable@2.2.1/node_modules/tapable/lib/HookCodeFactory.js:33:10), <anonymous>:9:1)
    at Hook.eval [as callAsync] (eval at create (/Users/andreymaznyak/projects/meteora/DEV_ENV_4/devboy-env-4/node_modules/.pnpm/tapable@2.2.1/node_modules/tapable/lib/HookCodeFactory.js:33:10), <anonymous>:39:22)
    at Cache.store (/Users/andreymaznyak/projects/meteora/DEV_ENV_4/devboy-env-4/node_modules/.pnpm/webpack@5.101.2_@swc+core@1.5.7_@swc+helpers@0.5.15__esbuild@0.25.9/node_modules/webpack/lib/Cache.js:113:20)
    at ItemCacheFacade.store (/Users/andreymaznyak/projects/meteora/DEV_ENV_4/devboy-env-4/node_modules/.pnpm/webpack@5.101.2_@swc+core@1.5.7_@swc+helpers@0.5.15__esbuild@0.25.9/node_modules/webpack/lib/CacheFacade.js:142:15)
    at /Users/andreymaznyak/projects/meteora/DEV_ENV_4/devboy-env-4/node_modules/.pnpm/webpack@5.101.2_@swc+core@1.5.7_@swc+helpers@0.5.15__esbuild@0.25.9/node_modules/webpack/lib/Compilation.js:3712:11
    at /Users/andreymaznyak/projects/meteora/DEV_ENV_4/devboy-env-4/node_modules/.pnpm/webpack@5.101.2_@swc+core@1.5.7_@swc+helpers@0.5.15__esbuild@0.25.9/node_modules/webpack/lib/Cache.js:97:34
    at Array.<anonymous> (/Users/andreymaznyak/projects/meteora/DEV_ENV_4/devboy-env-4/node_modules/.pnpm/webpack@5.101.2_@swc+core@1.5.7_@swc+helpers@0.5.15__esbuild@0.25.9/node_modules/webpack/lib/cache/MemoryWithGcCachePlugin.js:129:13)
    at /Users/andreymaznyak/projects/meteora/DEV_ENV_4/devboy-env-4/node_modules/.pnpm/webpack@5.101.2_@swc+core@1.5.7_@swc+helpers@0.5.15__esbuild@0.25.9/node_modules/webpack/lib/Cache.js:97:19
    at eval (eval at create (/Users/andreymaznyak/projects/meteora/DEV_ENV_4/devboy-env-4/node_modules/.pnpm/tapable@2.2.1/node_modules/tapable/lib/HookCodeFactory.js:33:10), <anonymous>:27:1)
    at process.processTicksAndRejections (node:internal/process/task_queues:95:5)
-- inner error --
Error: Module build failed (from ./node_modules/.pnpm/sass-loader@16.0.5_@rspack+core@1.3.12_@swc+helpers@0.5.18__sass-embedded@1.97.1_sass@1_c9f287bff3db120e3a945549ea687ba6/node_modules/sass-loader/dist/cjs.js):
Error: ENOENT: no such file or directory, open '/Users/andreymaznyak/projects/meteora/DEV_ENV_4/devboy-env-4/apps/dev-boy-dashboard-ui/src/styles/styles.scss'
    at Object.<anonymous> (/Users/andreymaznyak/projects/meteora/DEV_ENV_4/devboy-env-4/node_modules/.pnpm/css-loader@7.1.2_@rspack+core@1.3.12_@swc+helpers@0.5.18__webpack@5.101.2_@swc+core@1.5.7_@swc+helpers@0.5.15__/node_modules/css-loader/dist/cjs.js??ruleSet[1].rules[6].rules[0].oneOf[0].use[1]!/Users/andreymaznyak/projects/meteora/DEV_ENV_4/devboy-env-4/node_modules/.pnpm/postcss-loader@8.1.1_@rspack+core@1.3.12_@swc+helpers@0.5.18__postcss@8.5.6_typescript@_c953ef3422bf74881f5136c1e03e99f6/node_modules/postcss-loader/dist/cjs.js??ruleSet[1].rules[6].rules[0].oneOf[0].use[2]!/Users/andreymaznyak/projects/meteora/DEV_ENV_4/devboy-env-4/node_modules/.pnpm/resolve-url-loader@5.0.0/node_modules/resolve-url-loader/index.js??ruleSet[1].rules[6].rules[1].use[0]!/Users/andreymaznyak/projects/meteora/DEV_ENV_4/devboy-env-4/node_modules/.pnpm/sass-loader@16.0.5_@rspack+core@1.3.12_@swc+helpers@0.5.18__sass-embedded@1.97.1_sass@1_c9f287bff3db120e3a945549ea687ba6/node_modules/sass-loader/dist/cjs.js??ruleSet[1].rules[6].rules[1].use[1]!/Users/andreymaznyak/projects/meteora/DEV_ENV_4/devboy-env-4/apps/dev-boy-dashboard-ui/src/styles/styles.scss?ngGlobalStyle:1:7)
    at /Users/andreymaznyak/projects/meteora/DEV_ENV_4/devboy-env-4/node_modules/.pnpm/webpack@5.101.2_@swc+core@1.5.7_@swc+helpers@0.5.15__esbuild@0.25.9/node_modules/webpack/lib/javascript/JavascriptModulesPlugin.js:544:10
    at Hook.eval [as call] (eval at create (/Users/andreymaznyak/projects/meteora/DEV_ENV_4/devboy-env-4/node_modules/.pnpm/tapable@2.2.1/node_modules/tapable/lib/HookCodeFactory.js:19:10), <anonymous>:7:1)
    at Hook.CALL_DELEGATE [as _call] (/Users/andreymaznyak/projects/meteora/DEV_ENV_4/devboy-env-4/node_modules/.pnpm/tapable@2.2.1/node_modules/tapable/lib/Hook.js:14:14)
    at /Users/andreymaznyak/projects/meteora/DEV_ENV_4/devboy-env-4/node_modules/.pnpm/webpack@5.101.2_@swc+core@1.5.7_@swc+helpers@0.5.15__esbuild@0.25.9/node_modules/webpack/lib/Compilation.js:5517:39
    at tryRunOrWebpackError (/Users/andreymaznyak/projects/meteora/DEV_ENV_4/devboy-env-4/node_modules/.pnpm/webpack@5.101.2_@swc+core@1.5.7_@swc+helpers@0.5.15__esbuild@0.25.9/node_modules/webpack/lib/HookWebpackError.js:82:7)
    at __webpack_require_module__ (/Users/andreymaznyak/projects/meteora/DEV_ENV_4/devboy-env-4/node_modules/.pnpm/webpack@5.101.2_@swc+core@1.5.7_@swc+helpers@0.5.15__esbuild@0.25.9/node_modules/webpack/lib/Compilation.js:5515:12)
    at __webpack_require__ (/Users/andreymaznyak/projects/meteora/DEV_ENV_4/devboy-env-4/node_modules/.pnpm/webpack@5.101.2_@swc+core@1.5.7_@swc+helpers@0.5.15__esbuild@0.25.9/node_modules/webpack/lib/Compilation.js:5462:18)
    at /Users/andreymaznyak/projects/meteora/DEV_ENV_4/devboy-env-4/node_modules/.pnpm/webpack@5.101.2_@swc+core@1.5.7_@swc+helpers@0.5.15__esbuild@0.25.9/node_modules/webpack/lib/Compilation.js:5550:20
    at symbolIterator (/Users/andreymaznyak/projects/meteora/DEV_ENV_4/devboy-env-4/node_modules/.pnpm/neo-async@2.6.2/node_modules/neo-async/async.js:3485:9)
    at done (/Users/andreymaznyak/projects/meteora/DEV_ENV_4/devboy-env-4/node_modules/.pnpm/neo-async@2.6.2/node_modules/neo-async/async.js:3527:9)
    at Hook.eval [as callAsync] (eval at create (/Users/andreymaznyak/projects/meteora/DEV_ENV_4/devboy-env-4/node_modules/.pnpm/tapable@2.2.1/node_modules/tapable/lib/HookCodeFactory.js:33:10), <anonymous>:15:1)
    at Hook.CALL_ASYNC_DELEGATE [as _callAsync] (/Users/andreymaznyak/projects/meteora/DEV_ENV_4/devboy-env-4/node_modules/.pnpm/tapable@2.2.1/node_modules/tapable/lib/Hook.js:18:14)
    at /Users/andreymaznyak/projects/meteora/DEV_ENV_4/devboy-env-4/node_modules/.pnpm/webpack@5.101.2_@swc+core@1.5.7_@swc+helpers@0.5.15__esbuild@0.25.9/node_modules/webpack/lib/Compilation.js:5437:43
    at symbolIterator (/Users/andreymaznyak/projects/meteora/DEV_ENV_4/devboy-env-4/node_modules/.pnpm/neo-async@2.6.2/node_modules/neo-async/async.js:3482:9)
    at timesSync (/Users/andreymaznyak/projects/meteora/DEV_ENV_4/devboy-env-4/node_modules/.pnpm/neo-async@2.6.2/node_modules/neo-async/async.js:2297:7)
    at Object.eachLimit (/Users/andreymaznyak/projects/meteora/DEV_ENV_4/devboy-env-4/node_modules/.pnpm/neo-async@2.6.2/node_modules/neo-async/async.js:3463:5)
    at /Users/andreymaznyak/projects/meteora/DEV_ENV_4/devboy-env-4/node_modules/.pnpm/webpack@5.101.2_@swc+core@1.5.7_@swc+helpers@0.5.15__esbuild@0.25.9/node_modules/webpack/lib/Compilation.js:5399:16
    at symbolIterator (/Users/andreymaznyak/projects/meteora/DEV_ENV_4/devboy-env-4/node_modules/.pnpm/neo-async@2.6.2/node_modules/neo-async/async.js:3485:9)
    at timesSync (/Users/andreymaznyak/projects/meteora/DEV_ENV_4/devboy-env-4/node_modules/.pnpm/neo-async@2.6.2/node_modules/neo-async/async.js:2297:7)
    at Object.eachLimit (/Users/andreymaznyak/projects/meteora/DEV_ENV_4/devboy-env-4/node_modules/.pnpm/neo-async@2.6.2/node_modules/neo-async/async.js:3463:5)
    at /Users/andreymaznyak/projects/meteora/DEV_ENV_4/devboy-env-4/node_modules/.pnpm/webpack@5.101.2_@swc+core@1.5.7_@swc+helpers@0.5.15__esbuild@0.25.9/node_modules/webpack/lib/Compilation.js:5367:15
    at symbolIterator (/Users/andreymaznyak/projects/meteora/DEV_ENV_4/devboy-env-4/node_modules/.pnpm/neo-async@2.6.2/node_modules/neo-async/async.js:3485:9)
    at done (/Users/andreymaznyak/projects/meteora/DEV_ENV_4/devboy-env-4/node_modules/.pnpm/neo-async@2.6.2/node_modules/neo-async/async.js:3527:9)
    at /Users/andreymaznyak/projects/meteora/DEV_ENV_4/devboy-env-4/node_modules/.pnpm/webpack@5.101.2_@swc+core@1.5.7_@swc+helpers@0.5.15__esbuild@0.25.9/node_modules/webpack/lib/Compilation.js:5313:8
    at /Users/andreymaznyak/projects/meteora/DEV_ENV_4/devboy-env-4/node_modules/.pnpm/webpack@5.101.2_@swc+core@1.5.7_@swc+helpers@0.5.15__esbuild@0.25.9/node_modules/webpack/lib/Compilation.js:3713:6
    at /Users/andreymaznyak/projects/meteora/DEV_ENV_4/devboy-env-4/node_modules/.pnpm/webpack@5.101.2_@swc+core@1.5.7_@swc+helpers@0.5.15__esbuild@0.25.9/node_modules/webpack/lib/HookWebpackError.js:68:2
    at _done (eval at create (/Users/andreymaznyak/projects/meteora/DEV_ENV_4/devboy-env-4/node_modules/.pnpm/tapable@2.2.1/node_modules/tapable/lib/HookCodeFactory.js:33:10), <anonymous>:9:1)
    at Hook.eval [as callAsync] (eval at create (/Users/andreymaznyak/projects/meteora/DEV_ENV_4/devboy-env-4/node_modules/.pnpm/tapable@2.2.1/node_modules/tapable/lib/HookCodeFactory.js:33:10), <anonymous>:39:22)
    at Cache.store (/Users/andreymaznyak/projects/meteora/DEV_ENV_4/devboy-env-4/node_modules/.pnpm/webpack@5.101.2_@swc+core@1.5.7_@swc+helpers@0.5.15__esbuild@0.25.9/node_modules/webpack/lib/Cache.js:113:20)
    at ItemCacheFacade.store (/Users/andreymaznyak/projects/meteora/DEV_ENV_4/devboy-env-4/node_modules/.pnpm/webpack@5.101.2_@swc+core@1.5.7_@swc+helpers@0.5.15__esbuild@0.25.9/node_modules/webpack/lib/CacheFacade.js:142:15)
    at /Users/andreymaznyak/projects/meteora/DEV_ENV_4/devboy-env-4/node_modules/.pnpm/webpack@5.101.2_@swc+core@1.5.7_@swc+helpers@0.5.15__esbuild@0.25.9/node_modules/webpack/lib/Compilation.js:3712:11
    at /Users/andreymaznyak/projects/meteora/DEV_ENV_4/devboy-env-4/node_modules/.pnpm/webpack@5.101.2_@swc+core@1.5.7_@swc+helpers@0.5.15__esbuild@0.25.9/node_modules/webpack/lib/Cache.js:97:34
    at Array.<anonymous> (/Users/andreymaznyak/projects/meteora/DEV_ENV_4/devboy-env-4/node_modules/.pnpm/webpack@5.101.2_@swc+core@1.5.7_@swc+helpers@0.5.15__esbuild@0.25.9/node_modules/webpack/lib/cache/MemoryWithGcCachePlugin.js:129:13)
    at /Users/andreymaznyak/projects/meteora/DEV_ENV_4/devboy-env-4/node_modules/.pnpm/webpack@5.101.2_@swc+core@1.5.7_@swc+helpers@0.5.15__esbuild@0.25.9/node_modules/webpack/lib/Cache.js:97:19
    at eval (eval at create (/Users/andreymaznyak/projects/meteora/DEV_ENV_4/devboy-env-4/node_modules/.pnpm/tapable@2.2.1/node_modules/tapable/lib/HookCodeFactory.js:33:10), <anonymous>:27:1)
    at process.processTicksAndRejections (node:internal/process/task_queues:95:5)

Generated code for /Users/andreymaznyak/projects/meteora/DEV_ENV_4/devboy-env-4/node_modules/.pnpm/css-loader@7.1.2_@rspack+core@1.3.12_@swc+helpers@0.5.18__webpack@5.101.2_@swc+core@1.5.7_@swc+helpers@0.5.15__/node_modules/css-loader/dist/cjs.js??ruleSet[1].rules[6].rules[0].oneOf[0].use[1]!/Users/andreymaznyak/projects/meteora/DEV_ENV_4/devboy-env-4/node_modules/.pnpm/postcss-loader@8.1.1_@rspack+core@1.3.12_@swc+helpers@0.5.18__postcss@8.5.6_typescript@_c953ef3422bf74881f5136c1e03e99f6/node_modules/postcss-loader/dist/cjs.js??ruleSet[1].rules[6].rules[0].oneOf[0].use[2]!/Users/andreymaznyak/projects/meteora/DEV_ENV_4/devboy-env-4/node_modules/.pnpm/resolve-url-loader@5.0.0/node_modules/resolve-url-loader/index.js??ruleSet[1].rules[6].rules[1].use[0]!/Users/andreymaznyak/projects/meteora/DEV_ENV_4/devboy-env-4/node_modules/.pnpm/sass-loader@16.0.5_@rspack+core@1.3.12_@swc+helpers@0.5.18__sass-embedded@1.97.1_sass@1_c9f287bff3db120e3a945549ea687ba6/node_modules/sass-loader/dist/cjs.js??ruleSet[1].rules[6].rules[1].use[1]!/Users/andreymaznyak/projects/meteora/DEV_ENV_4/devboy-env-4/apps/dev-boy-dashboard-ui/src/styles/styles.scss?ngGlobalStyle
1 | throw new Error("Module build failed (from ./node_modules/.pnpm/sass-loader@16.0.5_@rspack+core@1.3.12_@swc+helpers@0.5.18__sass-embedded@1.97.1_sass@1_c9f287bff3db120e3a945549ea687ba6/node_modules/sass-loader/dist/cjs.js):\nError: ENOENT: no such file or directory, open '/Users/andreymaznyak/projects/meteora/DEV_ENV_4/devboy-env-4/apps/dev-boy-dashboard-ui/src/styles/styles.scss'"); @ http://localhost:4500/polyfills.js:730
[      59ms] [ERROR] [webpack-dev-server] ERROR in ./apps/dev-boy-dashboard-ui/src/styles/dark.less?ngGlobalStyle
Module build failed (from ./node_modules/.pnpm/mini-css-extract-plugin@2.9.4_webpack@5.101.2_@swc+core@1.5.7_@swc+helpers@0.5.15__/node_modules/mini-css-extract-plugin/dist/loader.js):
HookWebpackError: Module build failed (from ./node_modules/.pnpm/less-loader@12.3.0_@rspack+core@1.3.12_@swc+helpers@0.5.18__less@4.4.0_webpack@5.101.2__c548343199fb8f76dfc5447fe35483e7/node_modules/less-loader/dist/cjs.js):
Error: ENOENT: no such file or directory, open '/Users/andreymaznyak/projects/meteora/DEV_ENV_4/devboy-env-4/apps/dev-boy-dashboard-ui/src/styles/dark.less'
    at tryRunOrWebpackError (/Users/andreymaznyak/projects/meteora/DEV_ENV_4/devboy-env-4/node_modules/.pnpm/webpack@5.101.2_@swc+core@1.5.7_@swc+helpers@0.5.15__esbuild@0.25.9/node_modules/webpack/lib/HookWebpackError.js:87:9)
    at __webpack_require_module__ (/Users/andreymaznyak/projects/meteora/DEV_ENV_4/devboy-env-4/node_modules/.pnpm/webpack@5.101.2_@swc+core@1.5.7_@swc+helpers@0.5.15__esbuild@0.25.9/node_modules/webpack/lib/Compilation.js:5515:12)
    at __webpack_require__ (/Users/andreymaznyak/projects/meteora/DEV_ENV_4/devboy-env-4/node_modules/.pnpm/webpack@5.101.2_@swc+core@1.5.7_@swc+helpers@0.5.15__esbuild@0.25.9/node_modules/webpack/lib/Compilation.js:5462:18)
    at /Users/andreymaznyak/projects/meteora/DEV_ENV_4/devboy-env-4/node_modules/.pnpm/webpack@5.101.2_@swc+core@1.5.7_@swc+helpers@0.5.15__esbuild@0.25.9/node_modules/webpack/lib/Compilation.js:5550:20
    at symbolIterator (/Users/andreymaznyak/projects/meteora/DEV_ENV_4/devboy-env-4/node_modules/.pnpm/neo-async@2.6.2/node_modules/neo-async/async.js:3485:9)
    at done (/Users/andreymaznyak/projects/meteora/DEV_ENV_4/devboy-env-4/node_modules/.pnpm/neo-async@2.6.2/node_modules/neo-async/async.js:3527:9)
    at Hook.eval [as callAsync] (eval at create (/Users/andreymaznyak/projects/meteora/DEV_ENV_4/devboy-env-4/node_modules/.pnpm/tapable@2.2.1/node_modules/tapable/lib/HookCodeFactory.js:33:10), <anonymous>:15:1)
    at /Users/andreymaznyak/projects/meteora/DEV_ENV_4/devboy-env-4/node_modules/.pnpm/webpack@5.101.2_@swc+core@1.5.7_@swc+helpers@0.5.15__esbuild@0.25.9/node_modules/webpack/lib/Compilation.js:5437:43
    at symbolIterator (/Users/andreymaznyak/projects/meteora/DEV_ENV_4/devboy-env-4/node_modules/.pnpm/neo-async@2.6.2/node_modules/neo-async/async.js:3482:9)
    at timesSync (/Users/andreymaznyak/projects/meteora/DEV_ENV_4/devboy-env-4/node_modules/.pnpm/neo-async@2.6.2/node_modules/neo-async/async.js:2297:7)
    at Object.eachLimit (/Users/andreymaznyak/projects/meteora/DEV_ENV_4/devboy-env-4/node_modules/.pnpm/neo-async@2.6.2/node_modules/neo-async/async.js:3463:5)
    at /Users/andreymaznyak/projects/meteora/DEV_ENV_4/devboy-env-4/node_modules/.pnpm/webpack@5.101.2_@swc+core@1.5.7_@swc+helpers@0.5.15__esbuild@0.25.9/node_modules/webpack/lib/Compilation.js:5399:16
    at symbolIterator (/Users/andreymaznyak/projects/meteora/DEV_ENV_4/devboy-env-4/node_modules/.pnpm/neo-async@2.6.2/node_modules/neo-async/async.js:3485:9)
    at timesSync (/Users/andreymaznyak/projects/meteora/DEV_ENV_4/devboy-env-4/node_modules/.pnpm/neo-async@2.6.2/node_modules/neo-async/async.js:2297:7)
    at Object.eachLimit (/Users/andreymaznyak/projects/meteora/DEV_ENV_4/devboy-env-4/node_modules/.pnpm/neo-async@2.6.2/node_modules/neo-async/async.js:3463:5)
    at /Users/andreymaznyak/projects/meteora/DEV_ENV_4/devboy-env-4/node_modules/.pnpm/webpack@5.101.2_@swc+core@1.5.7_@swc+helpers@0.5.15__esbuild@0.25.9/node_modules/webpack/lib/Compilation.js:5367:15
    at symbolIterator (/Users/andreymaznyak/projects/meteora/DEV_ENV_4/devboy-env-4/node_modules/.pnpm/neo-async@2.6.2/node_modules/neo-async/async.js:3485:9)
    at done (/Users/andreymaznyak/projects/meteora/DEV_ENV_4/devboy-env-4/node_modules/.pnpm/neo-async@2.6.2/node_modules/neo-async/async.js:3527:9)
    at /Users/andreymaznyak/projects/meteora/DEV_ENV_4/devboy-env-4/node_modules/.pnpm/webpack@5.101.2_@swc+core@1.5.7_@swc+helpers@0.5.15__esbuild@0.25.9/node_modules/webpack/lib/Compilation.js:5313:8
    at /Users/andreymaznyak/projects/meteora/DEV_ENV_4/devboy-env-4/node_modules/.pnpm/webpack@5.101.2_@swc+core@1.5.7_@swc+helpers@0.5.15__esbuild@0.25.9/node_modules/webpack/lib/Compilation.js:3713:6
    at /Users/andreymaznyak/projects/meteora/DEV_ENV_4/devboy-env-4/node_modules/.pnpm/webpack@5.101.2_@swc+core@1.5.7_@swc+helpers@0.5.15__esbuild@0.25.9/node_modules/webpack/lib/HookWebpackError.js:68:2
    at _done (eval at create (/Users/andreymaznyak/projects/meteora/DEV_ENV_4/devboy-env-4/node_modules/.pnpm/tapable@2.2.1/node_modules/tapable/lib/HookCodeFactory.js:33:10), <anonymous>:9:1)
    at Hook.eval [as callAsync] (eval at create (/Users/andreymaznyak/projects/meteora/DEV_ENV_4/devboy-env-4/node_modules/.pnpm/tapable@2.2.1/node_modules/tapable/lib/HookCodeFactory.js:33:10), <anonymous>:39:22)
    at Cache.store (/Users/andreymaznyak/projects/meteora/DEV_ENV_4/devboy-env-4/node_modules/.pnpm/webpack@5.101.2_@swc+core@1.5.7_@swc+helpers@0.5.15__esbuild@0.25.9/node_modules/webpack/lib/Cache.js:113:20)
    at ItemCacheFacade.store (/Users/andreymaznyak/projects/meteora/DEV_ENV_4/devboy-env-4/node_modules/.pnpm/webpack@5.101.2_@swc+core@1.5.7_@swc+helpers@0.5.15__esbuild@0.25.9/node_modules/webpack/lib/CacheFacade.js:142:15)
    at /Users/andreymaznyak/projects/meteora/DEV_ENV_4/devboy-env-4/node_modules/.pnpm/webpack@5.101.2_@swc+core@1.5.7_@swc+helpers@0.5.15__esbuild@0.25.9/node_modules/webpack/lib/Compilation.js:3712:11
    at /Users/andreymaznyak/projects/meteora/DEV_ENV_4/devboy-env-4/node_modules/.pnpm/webpack@5.101.2_@swc+core@1.5.7_@swc+helpers@0.5.15__esbuild@0.25.9/node_modules/webpack/lib/Cache.js:97:34
    at Array.<anonymous> (/Users/andreymaznyak/projects/meteora/DEV_ENV_4/devboy-env-4/node_modules/.pnpm/webpack@5.101.2_@swc+core@1.5.7_@swc+helpers@0.5.15__esbuild@0.25.9/node_modules/webpack/lib/cache/MemoryWithGcCachePlugin.js:129:13)
    at /Users/andreymaznyak/projects/meteora/DEV_ENV_4/devboy-env-4/node_modules/.pnpm/webpack@5.101.2_@swc+core@1.5.7_@swc+helpers@0.5.15__esbuild@0.25.9/node_modules/webpack/lib/Cache.js:97:19
    at eval (eval at create (/Users/andreymaznyak/projects/meteora/DEV_ENV_4/devboy-env-4/node_modules/.pnpm/tapable@2.2.1/node_modules/tapable/lib/HookCodeFactory.js:33:10), <anonymous>:27:1)
    at process.processTicksAndRejections (node:internal/process/task_queues:95:5)
-- inner error --
Error: Module build failed (from ./node_modules/.pnpm/less-loader@12.3.0_@rspack+core@1.3.12_@swc+helpers@0.5.18__less@4.4.0_webpack@5.101.2__c548343199fb8f76dfc5447fe35483e7/node_modules/less-loader/dist/cjs.js):
Error: ENOENT: no such file or directory, open '/Users/andreymaznyak/projects/meteora/DEV_ENV_4/devboy-env-4/apps/dev-boy-dashboard-ui/src/styles/dark.less'
    at Object.<anonymous> (/Users/andreymaznyak/projects/meteora/DEV_ENV_4/devboy-env-4/node_modules/.pnpm/css-loader@7.1.2_@rspack+core@1.3.12_@swc+helpers@0.5.18__webpack@5.101.2_@swc+core@1.5.7_@swc+helpers@0.5.15__/node_modules/css-loader/dist/cjs.js??ruleSet[1].rules[8].rules[0].oneOf[0].use[1]!/Users/andreymaznyak/projects/meteora/DEV_ENV_4/devboy-env-4/node_modules/.pnpm/postcss-loader@8.1.1_@rspack+core@1.3.12_@swc+helpers@0.5.18__postcss@8.5.6_typescript@_c953ef3422bf74881f5136c1e03e99f6/node_modules/postcss-loader/dist/cjs.js??ruleSet[1].rules[8].rules[0].oneOf[0].use[2]!/Users/andreymaznyak/projects/meteora/DEV_ENV_4/devboy-env-4/node_modules/.pnpm/less-loader@12.3.0_@rspack+core@1.3.12_@swc+helpers@0.5.18__less@4.4.0_webpack@5.101.2__c548343199fb8f76dfc5447fe35483e7/node_modules/less-loader/dist/cjs.js??ruleSet[1].rules[8].rules[1].use[0]!/Users/andreymaznyak/projects/meteora/DEV_ENV_4/devboy-env-4/apps/dev-boy-dashboard-ui/src/styles/dark.less?ngGlobalStyle:1:7)
    at /Users/andreymaznyak/projects/meteora/DEV_ENV_4/devboy-env-4/node_modules/.pnpm/webpack@5.101.2_@swc+core@1.5.7_@swc+helpers@0.5.15__esbuild@0.25.9/node_modules/webpack/lib/javascript/JavascriptModulesPlugin.js:544:10
    at Hook.eval [as call] (eval at create (/Users/andreymaznyak/projects/meteora/DEV_ENV_4/devboy-env-4/node_modules/.pnpm/tapable@2.2.1/node_modules/tapable/lib/HookCodeFactory.js:19:10), <anonymous>:7:1)
    at /Users/andreymaznyak/projects/meteora/DEV_ENV_4/devboy-env-4/node_modules/.pnpm/webpack@5.101.2_@swc+core@1.5.7_@swc+helpers@0.5.15__esbuild@0.25.9/node_modules/webpack/lib/Compilation.js:5517:39
    at tryRunOrWebpackError (/Users/andreymaznyak/projects/meteora/DEV_ENV_4/devboy-env-4/node_modules/.pnpm/webpack@5.101.2_@swc+core@1.5.7_@swc+helpers@0.5.15__esbuild@0.25.9/node_modules/webpack/lib/HookWebpackError.js:82:7)
    at __webpack_require_module__ (/Users/andreymaznyak/projects/meteora/DEV_ENV_4/devboy-env-4/node_modules/.pnpm/webpack@5.101.2_@swc+core@1.5.7_@swc+helpers@0.5.15__esbuild@0.25.9/node_modules/webpack/lib/Compilation.js:5515:12)
    at __webpack_require__ (/Users/andreymaznyak/projects/meteora/DEV_ENV_4/devboy-env-4/node_modules/.pnpm/webpack@5.101.2_@swc+core@1.5.7_@swc+helpers@0.5.15__esbuild@0.25.9/node_modules/webpack/lib/Compilation.js:5462:18)
    at /Users/andreymaznyak/projects/meteora/DEV_ENV_4/devboy-env-4/node_modules/.pnpm/webpack@5.101.2_@swc+core@1.5.7_@swc+helpers@0.5.15__esbuild@0.25.9/node_modules/webpack/lib/Compilation.js:5550:20
    at symbolIterator (/Users/andreymaznyak/projects/meteora/DEV_ENV_4/devboy-env-4/node_modules/.pnpm/neo-async@2.6.2/node_modules/neo-async/async.js:3485:9)
    at done (/Users/andreymaznyak/projects/meteora/DEV_ENV_4/devboy-env-4/node_modules/.pnpm/neo-async@2.6.2/node_modules/neo-async/async.js:3527:9)
    at Hook.eval [as callAsync] (eval at create (/Users/andreymaznyak/projects/meteora/DEV_ENV_4/devboy-env-4/node_modules/.pnpm/tapable@2.2.1/node_modules/tapable/lib/HookCodeFactory.js:33:10), <anonymous>:15:1)
    at /Users/andreymaznyak/projects/meteora/DEV_ENV_4/devboy-env-4/node_modules/.pnpm/webpack@5.101.2_@swc+core@1.5.7_@swc+helpers@0.5.15__esbuild@0.25.9/node_modules/webpack/lib/Compilation.js:5437:43
    at symbolIterator (/Users/andreymaznyak/projects/meteora/DEV_ENV_4/devboy-env-4/node_modules/.pnpm/neo-async@2.6.2/node_modules/neo-async/async.js:3482:9)
    at timesSync (/Users/andreymaznyak/projects/meteora/DEV_ENV_4/devboy-env-4/node_modules/.pnpm/neo-async@2.6.2/node_modules/neo-async/async.js:2297:7)
    at Object.eachLimit (/Users/andreymaznyak/projects/meteora/DEV_ENV_4/devboy-env-4/node_modules/.pnpm/neo-async@2.6.2/node_modules/neo-async/async.js:3463:5)
    at /Users/andreymaznyak/projects/meteora/DEV_ENV_4/devboy-env-4/node_modules/.pnpm/webpack@5.101.2_@swc+core@1.5.7_@swc+helpers@0.5.15__esbuild@0.25.9/node_modules/webpack/lib/Compilation.js:5399:16
    at symbolIterator (/Users/andreymaznyak/projects/meteora/DEV_ENV_4/devboy-env-4/node_modules/.pnpm/neo-async@2.6.2/node_modules/neo-async/async.js:3485:9)
    at timesSync (/Users/andreymaznyak/projects/meteora/DEV_ENV_4/devboy-env-4/node_modules/.pnpm/neo-async@2.6.2/node_modules/neo-async/async.js:2297:7)
    at Object.eachLimit (/Users/andreymaznyak/projects/meteora/DEV_ENV_4/devboy-env-4/node_modules/.pnpm/neo-async@2.6.2/node_modules/neo-async/async.js:3463:5)
    at /Users/andreymaznyak/projects/meteora/DEV_ENV_4/devboy-env-4/node_modules/.pnpm/webpack@5.101.2_@swc+core@1.5.7_@swc+helpers@0.5.15__esbuild@0.25.9/node_modules/webpack/lib/Compilation.js:5367:15
    at symbolIterator (/Users/andreymaznyak/projects/meteora/DEV_ENV_4/devboy-env-4/node_modules/.pnpm/neo-async@2.6.2/node_modules/neo-async/async.js:3485:9)
    at done (/Users/andreymaznyak/projects/meteora/DEV_ENV_4/devboy-env-4/node_modules/.pnpm/neo-async@2.6.2/node_modules/neo-async/async.js:3527:9)
    at /Users/andreymaznyak/projects/meteora/DEV_ENV_4/devboy-env-4/node_modules/.pnpm/webpack@5.101.2_@swc+core@1.5.7_@swc+helpers@0.5.15__esbuild@0.25.9/node_modules/webpack/lib/Compilation.js:5313:8
    at /Users/andreymaznyak/projects/meteora/DEV_ENV_4/devboy-env-4/node_modules/.pnpm/webpack@5.101.2_@swc+core@1.5.7_@swc+helpers@0.5.15__esbuild@0.25.9/node_modules/webpack/lib/Compilation.js:3713:6
    at /Users/andreymaznyak/projects/meteora/DEV_ENV_4/devboy-env-4/node_modules/.pnpm/webpack@5.101.2_@swc+core@1.5.7_@swc+helpers@0.5.15__esbuild@0.25.9/node_modules/webpack/lib/HookWebpackError.js:68:2
    at _done (eval at create (/Users/andreymaznyak/projects/meteora/DEV_ENV_4/devboy-env-4/node_modules/.pnpm/tapable@2.2.1/node_modules/tapable/lib/HookCodeFactory.js:33:10), <anonymous>:9:1)
    at Hook.eval [as callAsync] (eval at create (/Users/andreymaznyak/projects/meteora/DEV_ENV_4/devboy-env-4/node_modules/.pnpm/tapable@2.2.1/node_modules/tapable/lib/HookCodeFactory.js:33:10), <anonymous>:39:22)
    at Cache.store (/Users/andreymaznyak/projects/meteora/DEV_ENV_4/devboy-env-4/node_modules/.pnpm/webpack@5.101.2_@swc+core@1.5.7_@swc+helpers@0.5.15__esbuild@0.25.9/node_modules/webpack/lib/Cache.js:113:20)
    at ItemCacheFacade.store (/Users/andreymaznyak/projects/meteora/DEV_ENV_4/devboy-env-4/node_modules/.pnpm/webpack@5.101.2_@swc+core@1.5.7_@swc+helpers@0.5.15__esbuild@0.25.9/node_modules/webpack/lib/CacheFacade.js:142:15)
    at /Users/andreymaznyak/projects/meteora/DEV_ENV_4/devboy-env-4/node_modules/.pnpm/webpack@5.101.2_@swc+core@1.5.7_@swc+helpers@0.5.15__esbuild@0.25.9/node_modules/webpack/lib/Compilation.js:3712:11
    at /Users/andreymaznyak/projects/meteora/DEV_ENV_4/devboy-env-4/node_modules/.pnpm/webpack@5.101.2_@swc+core@1.5.7_@swc+helpers@0.5.15__esbuild@0.25.9/node_modules/webpack/lib/Cache.js:97:34
    at Array.<anonymous> (/Users/andreymaznyak/projects/meteora/DEV_ENV_4/devboy-env-4/node_modules/.pnpm/webpack@5.101.2_@swc+core@1.5.7_@swc+helpers@0.5.15__esbuild@0.25.9/node_modules/webpack/lib/cache/MemoryWithGcCachePlugin.js:129:13)
    at /Users/andreymaznyak/projects/meteora/DEV_ENV_4/devboy-env-4/node_modules/.pnpm/webpack@5.101.2_@swc+core@1.5.7_@swc+helpers@0.5.15__esbuild@0.25.9/node_modules/webpack/lib/Cache.js:97:19
    at eval (eval at create (/Users/andreymaznyak/projects/meteora/DEV_ENV_4/devboy-env-4/node_modules/.pnpm/tapable@2.2.1/node_modules/tapable/lib/HookCodeFactory.js:33:10), <anonymous>:27:1)
    at process.processTicksAndRejections (node:internal/process/task_queues:95:5)

Generated code for /Users/andreymaznyak/projects/meteora/DEV_ENV_4/devboy-env-4/node_modules/.pnpm/css-loader@7.1.2_@rspack+core@1.3.12_@swc+helpers@0.5.18__webpack@5.101.2_@swc+core@1.5.7_@swc+helpers@0.5.15__/node_modules/css-loader/dist/cjs.js??ruleSet[1].rules[8].rules[0].oneOf[0].use[1]!/Users/andreymaznyak/projects/meteora/DEV_ENV_4/devboy-env-4/node_modules/.pnpm/postcss-loader@8.1.1_@rspack+core@1.3.12_@swc+helpers@0.5.18__postcss@8.5.6_typescript@_c953ef3422bf74881f5136c1e03e99f6/node_modules/postcss-loader/dist/cjs.js??ruleSet[1].rules[8].rules[0].oneOf[0].use[2]!/Users/andreymaznyak/projects/meteora/DEV_ENV_4/devboy-env-4/node_modules/.pnpm/less-loader@12.3.0_@rspack+core@1.3.12_@swc+helpers@0.5.18__less@4.4.0_webpack@5.101.2__c548343199fb8f76dfc5447fe35483e7/node_modules/less-loader/dist/cjs.js??ruleSet[1].rules[8].rules[1].use[0]!/Users/andreymaznyak/projects/meteora/DEV_ENV_4/devboy-env-4/apps/dev-boy-dashboard-ui/src/styles/dark.less?ngGlobalStyle
1 | throw new Error("Module build failed (from ./node_modules/.pnpm/less-loader@12.3.0_@rspack+core@1.3.12_@swc+helpers@0.5.18__less@4.4.0_webpack@5.101.2__c548343199fb8f76dfc5447fe35483e7/node_modules/less-loader/dist/cjs.js):\nError: ENOENT: no such file or directory, open '/Users/andreymaznyak/projects/meteora/DEV_ENV_4/devboy-env-4/apps/dev-boy-dashboard-ui/src/styles/dark.less'"); @ http://localhost:4500/polyfills.js:730
[      59ms] [ERROR] [webpack-dev-server] ERROR in ./apps/dev-boy-dashboard-ui/src/styles/default.less?ngGlobalStyle
Module build failed (from ./node_modules/.pnpm/mini-css-extract-plugin@2.9.4_webpack@5.101.2_@swc+core@1.5.7_@swc+helpers@0.5.15__/node_modules/mini-css-extract-plugin/dist/loader.js):
HookWebpackError: Module build failed (from ./node_modules/.pnpm/less-loader@12.3.0_@rspack+core@1.3.12_@swc+helpers@0.5.18__less@4.4.0_webpack@5.101.2__c548343199fb8f76dfc5447fe35483e7/node_modules/less-loader/dist/cjs.js):
Error: ENOENT: no such file or directory, open '/Users/andreymaznyak/projects/meteora/DEV_ENV_4/devboy-env-4/apps/dev-boy-dashboard-ui/src/styles/default.less'
    at tryRunOrWebpackError (/Users/andreymaznyak/projects/meteora/DEV_ENV_4/devboy-env-4/node_modules/.pnpm/webpack@5.101.2_@swc+core@1.5.7_@swc+helpers@0.5.15__esbuild@0.25.9/node_modules/webpack/lib/HookWebpackError.js:87:9)
    at __webpack_require_module__ (/Users/andreymaznyak/projects/meteora/DEV_ENV_4/devboy-env-4/node_modules/.pnpm/webpack@5.101.2_@swc+core@1.5.7_@swc+helpers@0.5.15__esbuild@0.25.9/node_modules/webpack/lib/Compilation.js:5515:12)
    at __webpack_require__ (/Users/andreymaznyak/projects/meteora/DEV_ENV_4/devboy-env-4/node_modules/.pnpm/webpack@5.101.2_@swc+core@1.5.7_@swc+helpers@0.5.15__esbuild@0.25.9/node_modules/webpack/lib/Compilation.js:5462:18)
    at /Users/andreymaznyak/projects/meteora/DEV_ENV_4/devboy-env-4/node_modules/.pnpm/webpack@5.101.2_@swc+core@1.5.7_@swc+helpers@0.5.15__esbuild@0.25.9/node_modules/webpack/lib/Compilation.js:5550:20
    at symbolIterator (/Users/andreymaznyak/projects/meteora/DEV_ENV_4/devboy-env-4/node_modules/.pnpm/neo-async@2.6.2/node_modules/neo-async/async.js:3485:9)
    at done (/Users/andreymaznyak/projects/meteora/DEV_ENV_4/devboy-env-4/node_modules/.pnpm/neo-async@2.6.2/node_modules/neo-async/async.js:3527:9)
    at Hook.eval [as callAsync] (eval at create (/Users/andreymaznyak/projects/meteora/DEV_ENV_4/devboy-env-4/node_modules/.pnpm/tapable@2.2.1/node_modules/tapable/lib/HookCodeFactory.js:33:10), <anonymous>:15:1)
    at /Users/andreymaznyak/projects/meteora/DEV_ENV_4/devboy-env-4/node_modules/.pnpm/webpack@5.101.2_@swc+core@1.5.7_@swc+helpers@0.5.15__esbuild@0.25.9/node_modules/webpack/lib/Compilation.js:5437:43
    at symbolIterator (/Users/andreymaznyak/projects/meteora/DEV_ENV_4/devboy-env-4/node_modules/.pnpm/neo-async@2.6.2/node_modules/neo-async/async.js:3482:9)
    at timesSync (/Users/andreymaznyak/projects/meteora/DEV_ENV_4/devboy-env-4/node_modules/.pnpm/neo-async@2.6.2/node_modules/neo-async/async.js:2297:7)
    at Object.eachLimit (/Users/andreymaznyak/projects/meteora/DEV_ENV_4/devboy-env-4/node_modules/.pnpm/neo-async@2.6.2/node_modules/neo-async/async.js:3463:5)
    at /Users/andreymaznyak/projects/meteora/DEV_ENV_4/devboy-env-4/node_modules/.pnpm/webpack@5.101.2_@swc+core@1.5.7_@swc+helpers@0.5.15__esbuild@0.25.9/node_modules/webpack/lib/Compilation.js:5399:16
    at symbolIterator (/Users/andreymaznyak/projects/meteora/DEV_ENV_4/devboy-env-4/node_modules/.pnpm/neo-async@2.6.2/node_modules/neo-async/async.js:3485:9)
    at timesSync (/Users/andreymaznyak/projects/meteora/DEV_ENV_4/devboy-env-4/node_modules/.pnpm/neo-async@2.6.2/node_modules/neo-async/async.js:2297:7)
    at Object.eachLimit (/Users/andreymaznyak/projects/meteora/DEV_ENV_4/devboy-env-4/node_modules/.pnpm/neo-async@2.6.2/node_modules/neo-async/async.js:3463:5)
    at /Users/andreymaznyak/projects/meteora/DEV_ENV_4/devboy-env-4/node_modules/.pnpm/webpack@5.101.2_@swc+core@1.5.7_@swc+helpers@0.5.15__esbuild@0.25.9/node_modules/webpack/lib/Compilation.js:5367:15
    at symbolIterator (/Users/andreymaznyak/projects/meteora/DEV_ENV_4/devboy-env-4/node_modules/.pnpm/neo-async@2.6.2/node_modules/neo-async/async.js:3485:9)
    at done (/Users/andreymaznyak/projects/meteora/DEV_ENV_4/devboy-env-4/node_modules/.pnpm/neo-async@2.6.2/node_modules/neo-async/async.js:3527:9)
    at /Users/andreymaznyak/projects/meteora/DEV_ENV_4/devboy-env-4/node_modules/.pnpm/webpack@5.101.2_@swc+core@1.5.7_@swc+helpers@0.5.15__esbuild@0.25.9/node_modules/webpack/lib/Compilation.js:5313:8
    at /Users/andreymaznyak/projects/meteora/DEV_ENV_4/devboy-env-4/node_modules/.pnpm/webpack@5.101.2_@swc+core@1.5.7_@swc+helpers@0.5.15__esbuild@0.25.9/node_modules/webpack/lib/Compilation.js:3713:6
    at /Users/andreymaznyak/projects/meteora/DEV_ENV_4/devboy-env-4/node_modules/.pnpm/webpack@5.101.2_@swc+core@1.5.7_@swc+helpers@0.5.15__esbuild@0.25.9/node_modules/webpack/lib/HookWebpackError.js:68:2
    at _done (eval at create (/Users/andreymaznyak/projects/meteora/DEV_ENV_4/devboy-env-4/node_modules/.pnpm/tapable@2.2.1/node_modules/tapable/lib/HookCodeFactory.js:33:10), <anonymous>:9:1)
    at Hook.eval [as callAsync] (eval at create (/Users/andreymaznyak/projects/meteora/DEV_ENV_4/devboy-env-4/node_modules/.pnpm/tapable@2.2.1/node_modules/tapable/lib/HookCodeFactory.js:33:10), <anonymous>:39:22)
    at Cache.store (/Users/andreymaznyak/projects/meteora/DEV_ENV_4/devboy-env-4/node_modules/.pnpm/webpack@5.101.2_@swc+core@1.5.7_@swc+helpers@0.5.15__esbuild@0.25.9/node_modules/webpack/lib/Cache.js:113:20)
    at ItemCacheFacade.store (/Users/andreymaznyak/projects/meteora/DEV_ENV_4/devboy-env-4/node_modules/.pnpm/webpack@5.101.2_@swc+core@1.5.7_@swc+helpers@0.5.15__esbuild@0.25.9/node_modules/webpack/lib/CacheFacade.js:142:15)
    at /Users/andreymaznyak/projects/meteora/DEV_ENV_4/devboy-env-4/node_modules/.pnpm/webpack@5.101.2_@swc+core@1.5.7_@swc+helpers@0.5.15__esbuild@0.25.9/node_modules/webpack/lib/Compilation.js:3712:11
    at /Users/andreymaznyak/projects/meteora/DEV_ENV_4/devboy-env-4/node_modules/.pnpm/webpack@5.101.2_@swc+core@1.5.7_@swc+helpers@0.5.15__esbuild@0.25.9/node_modules/webpack/lib/Cache.js:97:34
    at Array.<anonymous> (/Users/andreymaznyak/projects/meteora/DEV_ENV_4/devboy-env-4/node_modules/.pnpm/webpack@5.101.2_@swc+core@1.5.7_@swc+helpers@0.5.15__esbuild@0.25.9/node_modules/webpack/lib/cache/MemoryWithGcCachePlugin.js:129:13)
    at /Users/andreymaznyak/projects/meteora/DEV_ENV_4/devboy-env-4/node_modules/.pnpm/webpack@5.101.2_@swc+core@1.5.7_@swc+helpers@0.5.15__esbuild@0.25.9/node_modules/webpack/lib/Cache.js:97:19
    at eval (eval at create (/Users/andreymaznyak/projects/meteora/DEV_ENV_4/devboy-env-4/node_modules/.pnpm/tapable@2.2.1/node_modules/tapable/lib/HookCodeFactory.js:33:10), <anonymous>:27:1)
    at process.processTicksAndRejections (node:internal/process/task_queues:95:5)
-- inner error --
Error: Module build failed (from ./node_modules/.pnpm/less-loader@12.3.0_@rspack+core@1.3.12_@swc+helpers@0.5.18__less@4.4.0_webpack@5.101.2__c548343199fb8f76dfc5447fe35483e7/node_modules/less-loader/dist/cjs.js):
Error: ENOENT: no such file or directory, open '/Users/andreymaznyak/projects/meteora/DEV_ENV_4/devboy-env-4/apps/dev-boy-dashboard-ui/src/styles/default.less'
    at Object.<anonymous> (/Users/andreymaznyak/projects/meteora/DEV_ENV_4/devboy-env-4/node_modules/.pnpm/css-loader@7.1.2_@rspack+core@1.3.12_@swc+helpers@0.5.18__webpack@5.101.2_@swc+core@1.5.7_@swc+helpers@0.5.15__/node_modules/css-loader/dist/cjs.js??ruleSet[1].rules[8].rules[0].oneOf[0].use[1]!/Users/andreymaznyak/projects/meteora/DEV_ENV_4/devboy-env-4/node_modules/.pnpm/postcss-loader@8.1.1_@rspack+core@1.3.12_@swc+helpers@0.5.18__postcss@8.5.6_typescript@_c953ef3422bf74881f5136c1e03e99f6/node_modules/postcss-loader/dist/cjs.js??ruleSet[1].rules[8].rules[0].oneOf[0].use[2]!/Users/andreymaznyak/projects/meteora/DEV_ENV_4/devboy-env-4/node_modules/.pnpm/less-loader@12.3.0_@rspack+core@1.3.12_@swc+helpers@0.5.18__less@4.4.0_webpack@5.101.2__c548343199fb8f76dfc5447fe35483e7/node_modules/less-loader/dist/cjs.js??ruleSet[1].rules[8].rules[1].use[0]!/Users/andreymaznyak/projects/meteora/DEV_ENV_4/devboy-env-4/apps/dev-boy-dashboard-ui/src/styles/default.less?ngGlobalStyle:1:7)
    at /Users/andreymaznyak/projects/meteora/DEV_ENV_4/devboy-env-4/node_modules/.pnpm/webpack@5.101.2_@swc+core@1.5.7_@swc+helpers@0.5.15__esbuild@0.25.9/node_modules/webpack/lib/javascript/JavascriptModulesPlugin.js:544:10
    at Hook.eval [as call] (eval at create (/Users/andreymaznyak/projects/meteora/DEV_ENV_4/devboy-env-4/node_modules/.pnpm/tapable@2.2.1/node_modules/tapable/lib/HookCodeFactory.js:19:10), <anonymous>:7:1)
    at /Users/andreymaznyak/projects/meteora/DEV_ENV_4/devboy-env-4/node_modules/.pnpm/webpack@5.101.2_@swc+core@1.5.7_@swc+helpers@0.5.15__esbuild@0.25.9/node_modules/webpack/lib/Compilation.js:5517:39
    at tryRunOrWebpackError (/Users/andreymaznyak/projects/meteora/DEV_ENV_4/devboy-env-4/node_modules/.pnpm/webpack@5.101.2_@swc+core@1.5.7_@swc+helpers@0.5.15__esbuild@0.25.9/node_modules/webpack/lib/HookWebpackError.js:82:7)
    at __webpack_require_module__ (/Users/andreymaznyak/projects/meteora/DEV_ENV_4/devboy-env-4/node_modules/.pnpm/webpack@5.101.2_@swc+core@1.5.7_@swc+helpers@0.5.15__esbuild@0.25.9/node_modules/webpack/lib/Compilation.js:5515:12)
    at __webpack_require__ (/Users/andreymaznyak/projects/meteora/DEV_ENV_4/devboy-env-4/node_modules/.pnpm/webpack@5.101.2_@swc+core@1.5.7_@swc+helpers@0.5.15__esbuild@0.25.9/node_modules/webpack/lib/Compilation.js:5462:18)
    at /Users/andreymaznyak/projects/meteora/DEV_ENV_4/devboy-env-4/node_modules/.pnpm/webpack@5.101.2_@swc+core@1.5.7_@swc+helpers@0.5.15__esbuild@0.25.9/node_modules/webpack/lib/Compilation.js:5550:20
    at symbolIterator (/Users/andreymaznyak/projects/meteora/DEV_ENV_4/devboy-env-4/node_modules/.pnpm/neo-async@2.6.2/node_modules/neo-async/async.js:3485:9)
    at done (/Users/andreymaznyak/projects/meteora/DEV_ENV_4/devboy-env-4/node_modules/.pnpm/neo-async@2.6.2/node_modules/neo-async/async.js:3527:9)
    at Hook.eval [as callAsync] (eval at create (/Users/andreymaznyak/projects/meteora/DEV_ENV_4/devboy-env-4/node_modules/.pnpm/tapable@2.2.1/node_modules/tapable/lib/HookCodeFactory.js:33:10), <anonymous>:15:1)
    at /Users/andreymaznyak/projects/meteora/DEV_ENV_4/devboy-env-4/node_modules/.pnpm/webpack@5.101.2_@swc+core@1.5.7_@swc+helpers@0.5.15__esbuild@0.25.9/node_modules/webpack/lib/Compilation.js:5437:43
    at symbolIterator (/Users/andreymaznyak/projects/meteora/DEV_ENV_4/devboy-env-4/node_modules/.pnpm/neo-async@2.6.2/node_modules/neo-async/async.js:3482:9)
    at timesSync (/Users/andreymaznyak/projects/meteora/DEV_ENV_4/devboy-env-4/node_modules/.pnpm/neo-async@2.6.2/node_modules/neo-async/async.js:2297:7)
    at Object.eachLimit (/Users/andreymaznyak/projects/meteora/DEV_ENV_4/devboy-env-4/node_modules/.pnpm/neo-async@2.6.2/node_modules/neo-async/async.js:3463:5)
    at /Users/andreymaznyak/projects/meteora/DEV_ENV_4/devboy-env-4/node_modules/.pnpm/webpack@5.101.2_@swc+core@1.5.7_@swc+helpers@0.5.15__esbuild@0.25.9/node_modules/webpack/lib/Compilation.js:5399:16
    at symbolIterator (/Users/andreymaznyak/projects/meteora/DEV_ENV_4/devboy-env-4/node_modules/.pnpm/neo-async@2.6.2/node_modules/neo-async/async.js:3485:9)
    at timesSync (/Users/andreymaznyak/projects/meteora/DEV_ENV_4/devboy-env-4/node_modules/.pnpm/neo-async@2.6.2/node_modules/neo-async/async.js:2297:7)
    at Object.eachLimit (/Users/andreymaznyak/projects/meteora/DEV_ENV_4/devboy-env-4/node_modules/.pnpm/neo-async@2.6.2/node_modules/neo-async/async.js:3463:5)
    at /Users/andreymaznyak/projects/meteora/DEV_ENV_4/devboy-env-4/node_modules/.pnpm/webpack@5.101.2_@swc+core@1.5.7_@swc+helpers@0.5.15__esbuild@0.25.9/node_modules/webpack/lib/Compilation.js:5367:15
    at symbolIterator (/Users/andreymaznyak/projects/meteora/DEV_ENV_4/devboy-env-4/node_modules/.pnpm/neo-async@2.6.2/node_modules/neo-async/async.js:3485:9)
    at done (/Users/andreymaznyak/projects/meteora/DEV_ENV_4/devboy-env-4/node_modules/.pnpm/neo-async@2.6.2/node_modules/neo-async/async.js:3527:9)
    at /Users/andreymaznyak/projects/meteora/DEV_ENV_4/devboy-env-4/node_modules/.pnpm/webpack@5.101.2_@swc+core@1.5.7_@swc+helpers@0.5.15__esbuild@0.25.9/node_modules/webpack/lib/Compilation.js:5313:8
    at /Users/andreymaznyak/projects/meteora/DEV_ENV_4/devboy-env-4/node_modules/.pnpm/webpack@5.101.2_@swc+core@1.5.7_@swc+helpers@0.5.15__esbuild@0.25.9/node_modules/webpack/lib/Compilation.js:3713:6
    at /Users/andreymaznyak/projects/meteora/DEV_ENV_4/devboy-env-4/node_modules/.pnpm/webpack@5.101.2_@swc+core@1.5.7_@swc+helpers@0.5.15__esbuild@0.25.9/node_modules/webpack/lib/HookWebpackError.js:68:2
    at _done (eval at create (/Users/andreymaznyak/projects/meteora/DEV_ENV_4/devboy-env-4/node_modules/.pnpm/tapable@2.2.1/node_modules/tapable/lib/HookCodeFactory.js:33:10), <anonymous>:9:1)
    at Hook.eval [as callAsync] (eval at create (/Users/andreymaznyak/projects/meteora/DEV_ENV_4/devboy-env-4/node_modules/.pnpm/tapable@2.2.1/node_modules/tapable/lib/HookCodeFactory.js:33:10), <anonymous>:39:22)
    at Cache.store (/Users/andreymaznyak/projects/meteora/DEV_ENV_4/devboy-env-4/node_modules/.pnpm/webpack@5.101.2_@swc+core@1.5.7_@swc+helpers@0.5.15__esbuild@0.25.9/node_modules/webpack/lib/Cache.js:113:20)
    at ItemCacheFacade.store (/Users/andreymaznyak/projects/meteora/DEV_ENV_4/devboy-env-4/node_modules/.pnpm/webpack@5.101.2_@swc+core@1.5.7_@swc+helpers@0.5.15__esbuild@0.25.9/node_modules/webpack/lib/CacheFacade.js:142:15)
    at /Users/andreymaznyak/projects/meteora/DEV_ENV_4/devboy-env-4/node_modules/.pnpm/webpack@5.101.2_@swc+core@1.5.7_@swc+helpers@0.5.15__esbuild@0.25.9/node_modules/webpack/lib/Compilation.js:3712:11
    at /Users/andreymaznyak/projects/meteora/DEV_ENV_4/devboy-env-4/node_modules/.pnpm/webpack@5.101.2_@swc+core@1.5.7_@swc+helpers@0.5.15__esbuild@0.25.9/node_modules/webpack/lib/Cache.js:97:34
    at Array.<anonymous> (/Users/andreymaznyak/projects/meteora/DEV_ENV_4/devboy-env-4/node_modules/.pnpm/webpack@5.101.2_@swc+core@1.5.7_@swc+helpers@0.5.15__esbuild@0.25.9/node_modules/webpack/lib/cache/MemoryWithGcCachePlugin.js:129:13)
    at /Users/andreymaznyak/projects/meteora/DEV_ENV_4/devboy-env-4/node_modules/.pnpm/webpack@5.101.2_@swc+core@1.5.7_@swc+helpers@0.5.15__esbuild@0.25.9/node_modules/webpack/lib/Cache.js:97:19
    at eval (eval at create (/Users/andreymaznyak/projects/meteora/DEV_ENV_4/devboy-env-4/node_modules/.pnpm/tapable@2.2.1/node_modules/tapable/lib/HookCodeFactory.js:33:10), <anonymous>:27:1)
    at process.processTicksAndRejections (node:internal/process/task_queues:95:5)

Generated code for /Users/andreymaznyak/projects/meteora/DEV_ENV_4/devboy-env-4/node_modules/.pnpm/css-loader@7.1.2_@rspack+core@1.3.12_@swc+helpers@0.5.18__webpack@5.101.2_@swc+core@1.5.7_@swc+helpers@0.5.15__/node_modules/css-loader/dist/cjs.js??ruleSet[1].rules[8].rules[0].oneOf[0].use[1]!/Users/andreymaznyak/projects/meteora/DEV_ENV_4/devboy-env-4/node_modules/.pnpm/postcss-loader@8.1.1_@rspack+core@1.3.12_@swc+helpers@0.5.18__postcss@8.5.6_typescript@_c953ef3422bf74881f5136c1e03e99f6/node_modules/postcss-loader/dist/cjs.js??ruleSet[1].rules[8].rules[0].oneOf[0].use[2]!/Users/andreymaznyak/projects/meteora/DEV_ENV_4/devboy-env-4/node_modules/.pnpm/less-loader@12.3.0_@rspack+core@1.3.12_@swc+helpers@0.5.18__less@4.4.0_webpack@5.101.2__c548343199fb8f76dfc5447fe35483e7/node_modules/less-loader/dist/cjs.js??ruleSet[1].rules[8].rules[1].use[0]!/Users/andreymaznyak/projects/meteora/DEV_ENV_4/devboy-env-4/apps/dev-boy-dashboard-ui/src/styles/default.less?ngGlobalStyle
1 | throw new Error("Module build failed (from ./node_modules/.pnpm/less-loader@12.3.0_@rspack+core@1.3.12_@swc+helpers@0.5.18__less@4.4.0_webpack@5.101.2__c548343199fb8f76dfc5447fe35483e7/node_modules/less-loader/dist/cjs.js):\nError: ENOENT: no such file or directory, open '/Users/andreymaznyak/projects/meteora/DEV_ENV_4/devboy-env-4/apps/dev-boy-dashboard-ui/src/styles/default.less'"); @ http://localhost:4500/polyfills.js:730
[      59ms] [ERROR] [webpack-dev-server] ERROR
Module not found: Error: Can't resolve '/Users/andreymaznyak/projects/meteora/DEV_ENV_4/devboy-env-4/apps/dev-boy-dashboard-ui/src/main.ts' in '/Users/andreymaznyak/projects/meteora/DEV_ENV_4/devboy-env-4' @ http://localhost:4500/polyfills.js:730
[      59ms] [ERROR] [webpack-dev-server] ERROR
error TS500: Error: ENOENT: no such file or directory, lstat '/Users/andreymaznyak/projects/meteora/DEV_ENV_4/devboy-env-4/apps/dev-boy-dashboard-ui/tsconfig.app.json'
    at Object.lstatSync (node:fs:1631:25)
    at NodeJSFileSystem.lstat (file:///Users/andreymaznyak/projects/meteora/DEV_ENV_4/devboy-env-4/node_modules/.pnpm/@angular+compiler-cli@20.3.15_@angular+compiler@20.3.15_typescript@5.9.3/node_modules/@angular/compiler-cli/bundles/chunk-XYYEESKY.js:73:15)
    at calcProjectFileAndBasePath (file:///Users/andreymaznyak/projects/meteora/DEV_ENV_4/devboy-env-4/node_modules/.pnpm/@angular+compiler-cli@20.3.15_@angular+compiler@20.3.15_typescript@5.9.3/node_modules/@angular/compiler-cli/bundles/chunk-VLDYFQRU.js:5528:29)
    at Module.readConfiguration (file:///Users/andreymaznyak/projects/meteora/DEV_ENV_4/devboy-env-4/node_modules/.pnpm/@angular+compiler-cli@20.3.15_@angular+compiler@20.3.15_typescript@5.9.3/node_modules/@angular/compiler-cli/bundles/chunk-VLDYFQRU.js:5554:39)
    at AngularWebpackPlugin.loadConfiguration (/Users/andreymaznyak/projects/meteora/DEV_ENV_4/devboy-env-4/node_modules/.pnpm/@ngtools+webpack@20.3.13_@angular+compiler-cli@20.3.15_@angular+compiler@20.3.15_typesc_906a1c6883455b4cfb244a4fbdbb920d/node_modules/@ngtools/webpack/src/ivy/plugin.js:310:83)
    at AngularWebpackPlugin.setupCompilation (/Users/andreymaznyak/projects/meteora/DEV_ENV_4/devboy-env-4/node_modules/.pnpm/@ngtools+webpack@20.3.13_@angular+compiler-cli@20.3.15_@angular+compiler@20.3.15_typesc_906a1c6883455b4cfb244a4fbdbb920d/node_modules/@ngtools/webpack/src/ivy/plugin.js:151:61)
    at /Users/andreymaznyak/projects/meteora/DEV_ENV_4/devboy-env-4/node_modules/.pnpm/@ngtools+webpack@20.3.13_@angular+compiler-cli@20.3.15_@angular+compiler@20.3.15_typesc_906a1c6883455b4cfb244a4fbdbb920d/node_modules/@ngtools/webpack/src/ivy/plugin.js:130:22
    at Hook.eval [as call] (eval at create (/Users/andreymaznyak/projects/meteora/DEV_ENV_4/devboy-env-4/node_modules/.pnpm/tapable@2.2.1/node_modules/tapable/lib/HookCodeFactory.js:19:10), <anonymous>:20:1)
    at Compiler.newCompilation (/Users/andreymaznyak/projects/meteora/DEV_ENV_4/devboy-env-4/node_modules/.pnpm/webpack@5.101.2_@swc+core@1.5.7_@swc+helpers@0.5.15__esbuild@0.25.9/node_modules/webpack/lib/Compiler.js:1302:30)
    at /Users/andreymaznyak/projects/meteora/DEV_ENV_4/devboy-env-4/node_modules/.pnpm/webpack@5.101.2_@swc+core@1.5.7_@swc+helpers@0.5.15__esbuild@0.25.9/node_modules/webpack/lib/Compiler.js:1347:29
    at eval (eval at create (/Users/andreymaznyak/projects/meteora/DEV_ENV_4/devboy-env-4/node_modules/.pnpm/tapable@2.2.1/node_modules/tapable/lib/HookCodeFactory.js:33:10), <anonymous>:31:1)
 @ http://localhost:4500/polyfills.js:730
[      59ms] [ERROR] [webpack-dev-server] ERROR
ENOENT: no such file or directory, open '/Users/andreymaznyak/projects/meteora/DEV_ENV_4/devboy-env-4/apps/dev-boy-dashboard-ui/src/index.html' @ http://localhost:4500/polyfills.js:730
[     347ms] [ERROR] Failed to load resource: the server responded with a status of 401 (Unauthorized) @ http://localhost:4500/api/auth/session-status:0
[     349ms] [ERROR] Get session error: HttpErrorResponse @ http://localhost:4500/vendor.js:36583
[     432ms] [ERROR] Failed to load resource: the server responded with a status of 404 (Not Found) @ http://localhost:4500/assets/outline/mail.svg:0
[     448ms] Error: [@ant-design/icons-angular]:the icon mail-o does not exist or is not registered.
    at IconNotFoundError (http://localhost:4500/vendor.js:210093:10)
    at http://localhost:4500/vendor.js:210236:15
    at http://localhost:4500/vendor.js:66008:31
    at OperatorSubscriber._next (http://localhost:4500/vendor.js:120325:9)
    at OperatorSubscriber.next (http://localhost:4500/vendor.js:124566:12)
    at http://localhost:4500/vendor.js:133711:20
    at errorContext (http://localhost:4500/vendor.js:144665:5)
    at Subject.next (http://localhost:4500/vendor.js:133704:69)
    at Object.next (http://localhost:4500/vendor.js:2113:31)
    at ConsumerObserver.next (http://localhost:4500/vendor.js:124624:25)
    at SafeSubscriber._next (http://localhost:4500/vendor.js:124593:22)
    at SafeSubscriber.next (http://localhost:4500/vendor.js:124566:12)
    at Observable._subscribe (http://localhost:4500/vendor.js:40219:18)
    at Observable._trySubscribe (http://localhost:4500/vendor.js:170220:19)
    at http://localhost:4500/vendor.js:170214:113
    at errorContext (http://localhost:4500/vendor.js:144665:5)
    at Observable.subscribe (http://localhost:4500/vendor.js:170209:69)
    at http://localhost:4500/vendor.js:3000:23
    at OperatorSubscriber._error (http://localhost:4500/vendor.js:120332:9)
    at OperatorSubscriber.error (http://localhost:4500/vendor.js:124574:12)
    at source.subscribe._a (http://localhost:4500/vendor.js:32126:18)
    at OperatorSubscriber._error (http://localhost:4500/vendor.js:120332:9)
    at OperatorSubscriber.error (http://localhost:4500/vendor.js:124574:12)
    at OperatorSubscriber._error (http://localhost:4500/vendor.js:124597:24)
    at OperatorSubscriber.error (http://localhost:4500/vendor.js:124574:12)
    at OperatorSubscriber._error (http://localhost:4500/vendor.js:124597:24)
    at OperatorSubscriber.error (http://localhost:4500/vendor.js:124574:12)
    at OperatorSubscriber._error (http://localhost:4500/vendor.js:124597:24)
    at OperatorSubscriber.error (http://localhost:4500/vendor.js:124574:12)
    at OperatorSubscriber._error (http://localhost:4500/vendor.js:124597:24)
    at OperatorSubscriber.error (http://localhost:4500/vendor.js:124574:12)
    at OperatorSubscriber._error (http://localhost:4500/vendor.js:124597:24)
    at OperatorSubscriber.error (http://localhost:4500/vendor.js:124574:12)
    at XMLHttpRequest.onLoad (http://localhost:4500/vendor.js:20813:22)
    at _ZoneDelegate.invokeTask (http://localhost:4500/polyfills.js:2741:171)
    at ZoneImpl.runTask (http://localhost:4500/polyfills.js:2538:37)
    at ZoneTask.invokeTask [as invoke] (http://localhost:4500/polyfills.js:2818:26)
    at invokeTask (http://localhost:4500/polyfills.js:3463:12)
    at globalCallback (http://localhost:4500/polyfills.js:3504:23)
    at XMLHttpRequest.globalZoneAwareCallback (http://localhost:4500/polyfills.js:3524:12)
[  137458ms] [ERROR] Failed to load resource: the server responded with a status of 401 (Unauthorized) @ http://localhost:4637/auth/login:0
[ 5048540ms] [ERROR] Failed to load resource: the server responded with a status of 401 (Unauthorized) @ http://localhost:4637/auth/login:0
[ 5061506ms] [ERROR] Failed to load resource: the server responded with a status of 401 (Unauthorized) @ http://localhost:4637/auth/login:0
[ 6336933ms] [ERROR] [webpack-dev-server] Errors while compiling. Reload prevented. @ http://localhost:4500/polyfills.js:730
[ 6336934ms] [ERROR] [webpack-dev-server] ERROR in ./apps/dev-boy-dashboard-ui/src/styles/styles.scss?ngGlobalStyle (./apps/dev-boy-dashboard-ui/src/styles/styles.scss.webpack[javascript/auto]!=!./node_modules/.pnpm/css-loader@7.1.2_@rspack+core@1.3.12_@swc+helpers@0.5.18__webpack@5.101.2_@swc+core@1.5.7_@swc+helpers@0.5.15__/node_modules/css-loader/dist/cjs.js??ruleSet[1].rules[6].rules[0].oneOf[0].use[1]!./node_modules/.pnpm/postcss-loader@8.1.1_@rspack+core@1.3.12_@swc+helpers@0.5.18__postcss@8.5.6_typescript@_c953ef3422bf74881f5136c1e03e99f6/node_modules/postcss-loader/dist/cjs.js??ruleSet[1].rules[6].rules[0].oneOf[0].use[2]!./node_modules/.pnpm/resolve-url-loader@5.0.0/node_modules/resolve-url-loader/index.js??ruleSet[1].rules[6].rules[1].use[0]!./node_modules/.pnpm/sass-loader@16.0.5_@rspack+core@1.3.12_@swc+helpers@0.5.18__sass-embedded@1.97.1_sass@1_c9f287bff3db120e3a945549ea687ba6/node_modules/sass-loader/dist/cjs.js??ruleSet[1].rules[6].rules[1].use[1]!./apps/dev-boy-dashboard-ui/src/styles/styles.scss?ngGlobalStyle)
Module build failed (from ./node_modules/.pnpm/sass-loader@16.0.5_@rspack+core@1.3.12_@swc+helpers@0.5.18__sass-embedded@1.97.1_sass@1_c9f287bff3db120e3a945549ea687ba6/node_modules/sass-loader/dist/cjs.js):
Error: ENOENT: no such file or directory, open '/Users/andreymaznyak/projects/meteora/DEV_ENV_4/devboy-env-4/apps/dev-boy-dashboard-ui/src/styles/styles.scss' @ http://localhost:4500/polyfills.js:730
[ 6336934ms] [ERROR] [webpack-dev-server] ERROR in ./apps/dev-boy-dashboard-ui/src/styles/dark.less?ngGlobalStyle (./apps/dev-boy-dashboard-ui/src/styles/dark.less.webpack[javascript/auto]!=!./node_modules/.pnpm/css-loader@7.1.2_@rspack+core@1.3.12_@swc+helpers@0.5.18__webpack@5.101.2_@swc+core@1.5.7_@swc+helpers@0.5.15__/node_modules/css-loader/dist/cjs.js??ruleSet[1].rules[8].rules[0].oneOf[0].use[1]!./node_modules/.pnpm/postcss-loader@8.1.1_@rspack+core@1.3.12_@swc+helpers@0.5.18__postcss@8.5.6_typescript@_c953ef3422bf74881f5136c1e03e99f6/node_modules/postcss-loader/dist/cjs.js??ruleSet[1].rules[8].rules[0].oneOf[0].use[2]!./node_modules/.pnpm/less-loader@12.3.0_@rspack+core@1.3.12_@swc+helpers@0.5.18__less@4.4.0_webpack@5.101.2__c548343199fb8f76dfc5447fe35483e7/node_modules/less-loader/dist/cjs.js??ruleSet[1].rules[8].rules[1].use[0]!./apps/dev-boy-dashboard-ui/src/styles/dark.less?ngGlobalStyle)
Module build failed (from ./node_modules/.pnpm/less-loader@12.3.0_@rspack+core@1.3.12_@swc+helpers@0.5.18__less@4.4.0_webpack@5.101.2__c548343199fb8f76dfc5447fe35483e7/node_modules/less-loader/dist/cjs.js):
Error: ENOENT: no such file or directory, open '/Users/andreymaznyak/projects/meteora/DEV_ENV_4/devboy-env-4/apps/dev-boy-dashboard-ui/src/styles/dark.less' @ http://localhost:4500/polyfills.js:730
[ 6336934ms] [ERROR] [webpack-dev-server] ERROR in ./apps/dev-boy-dashboard-ui/src/styles/default.less?ngGlobalStyle (./apps/dev-boy-dashboard-ui/src/styles/default.less.webpack[javascript/auto]!=!./node_modules/.pnpm/css-loader@7.1.2_@rspack+core@1.3.12_@swc+helpers@0.5.18__webpack@5.101.2_@swc+core@1.5.7_@swc+helpers@0.5.15__/node_modules/css-loader/dist/cjs.js??ruleSet[1].rules[8].rules[0].oneOf[0].use[1]!./node_modules/.pnpm/postcss-loader@8.1.1_@rspack+core@1.3.12_@swc+helpers@0.5.18__postcss@8.5.6_typescript@_c953ef3422bf74881f5136c1e03e99f6/node_modules/postcss-loader/dist/cjs.js??ruleSet[1].rules[8].rules[0].oneOf[0].use[2]!./node_modules/.pnpm/less-loader@12.3.0_@rspack+core@1.3.12_@swc+helpers@0.5.18__less@4.4.0_webpack@5.101.2__c548343199fb8f76dfc5447fe35483e7/node_modules/less-loader/dist/cjs.js??ruleSet[1].rules[8].rules[1].use[0]!./apps/dev-boy-dashboard-ui/src/styles/default.less?ngGlobalStyle)
Module build failed (from ./node_modules/.pnpm/less-loader@12.3.0_@rspack+core@1.3.12_@swc+helpers@0.5.18__less@4.4.0_webpack@5.101.2__c548343199fb8f76dfc5447fe35483e7/node_modules/less-loader/dist/cjs.js):
Error: ENOENT: no such file or directory, open '/Users/andreymaznyak/projects/meteora/DEV_ENV_4/devboy-env-4/apps/dev-boy-dashboard-ui/src/styles/default.less' @ http://localhost:4500/polyfills.js:730
[ 6336937ms] [ERROR] [webpack-dev-server] ERROR in ./apps/dev-boy-dashboard-ui/src/styles/styles.scss?ngGlobalStyle
Module build failed (from ./node_modules/.pnpm/mini-css-extract-plugin@2.9.4_webpack@5.101.2_@swc+core@1.5.7_@swc+helpers@0.5.15__/node_modules/mini-css-extract-plugin/dist/loader.js):
HookWebpackError: Module build failed (from ./node_modules/.pnpm/sass-loader@16.0.5_@rspack+core@1.3.12_@swc+helpers@0.5.18__sass-embedded@1.97.1_sass@1_c9f287bff3db120e3a945549ea687ba6/node_modules/sass-loader/dist/cjs.js):
Error: ENOENT: no such file or directory, open '/Users/andreymaznyak/projects/meteora/DEV_ENV_4/devboy-env-4/apps/dev-boy-dashboard-ui/src/styles/styles.scss'
    at tryRunOrWebpackError (/Users/andreymaznyak/projects/meteora/DEV_ENV_4/devboy-env-4/node_modules/.pnpm/webpack@5.101.2_@swc+core@1.5.7_@swc+helpers@0.5.15__esbuild@0.25.9/node_modules/webpack/lib/HookWebpackError.js:87:9)
    at __webpack_require_module__ (/Users/andreymaznyak/projects/meteora/DEV_ENV_4/devboy-env-4/node_modules/.pnpm/webpack@5.101.2_@swc+core@1.5.7_@swc+helpers@0.5.15__esbuild@0.25.9/node_modules/webpack/lib/Compilation.js:5515:12)
    at __webpack_require__ (/Users/andreymaznyak/projects/meteora/DEV_ENV_4/devboy-env-4/node_modules/.pnpm/webpack@5.101.2_@swc+core@1.5.7_@swc+helpers@0.5.15__esbuild@0.25.9/node_modules/webpack/lib/Compilation.js:5462:18)
    at /Users/andreymaznyak/projects/meteora/DEV_ENV_4/devboy-env-4/node_modules/.pnpm/webpack@5.101.2_@swc+core@1.5.7_@swc+helpers@0.5.15__esbuild@0.25.9/node_modules/webpack/lib/Compilation.js:5550:20
    at symbolIterator (/Users/andreymaznyak/projects/meteora/DEV_ENV_4/devboy-env-4/node_modules/.pnpm/neo-async@2.6.2/node_modules/neo-async/async.js:3485:9)
    at done (/Users/andreymaznyak/projects/meteora/DEV_ENV_4/devboy-env-4/node_modules/.pnpm/neo-async@2.6.2/node_modules/neo-async/async.js:3527:9)
    at Hook.eval [as callAsync] (eval at create (/Users/andreymaznyak/projects/meteora/DEV_ENV_4/devboy-env-4/node_modules/.pnpm/tapable@2.2.1/node_modules/tapable/lib/HookCodeFactory.js:33:10), <anonymous>:15:1)
    at Hook.CALL_ASYNC_DELEGATE [as _callAsync] (/Users/andreymaznyak/projects/meteora/DEV_ENV_4/devboy-env-4/node_modules/.pnpm/tapable@2.2.1/node_modules/tapable/lib/Hook.js:18:14)
    at /Users/andreymaznyak/projects/meteora/DEV_ENV_4/devboy-env-4/node_modules/.pnpm/webpack@5.101.2_@swc+core@1.5.7_@swc+helpers@0.5.15__esbuild@0.25.9/node_modules/webpack/lib/Compilation.js:5437:43
    at symbolIterator (/Users/andreymaznyak/projects/meteora/DEV_ENV_4/devboy-env-4/node_modules/.pnpm/neo-async@2.6.2/node_modules/neo-async/async.js:3482:9)
    at timesSync (/Users/andreymaznyak/projects/meteora/DEV_ENV_4/devboy-env-4/node_modules/.pnpm/neo-async@2.6.2/node_modules/neo-async/async.js:2297:7)
    at Object.eachLimit (/Users/andreymaznyak/projects/meteora/DEV_ENV_4/devboy-env-4/node_modules/.pnpm/neo-async@2.6.2/node_modules/neo-async/async.js:3463:5)
    at /Users/andreymaznyak/projects/meteora/DEV_ENV_4/devboy-env-4/node_modules/.pnpm/webpack@5.101.2_@swc+core@1.5.7_@swc+helpers@0.5.15__esbuild@0.25.9/node_modules/webpack/lib/Compilation.js:5399:16
    at symbolIterator (/Users/andreymaznyak/projects/meteora/DEV_ENV_4/devboy-env-4/node_modules/.pnpm/neo-async@2.6.2/node_modules/neo-async/async.js:3485:9)
    at timesSync (/Users/andreymaznyak/projects/meteora/DEV_ENV_4/devboy-env-4/node_modules/.pnpm/neo-async@2.6.2/node_modules/neo-async/async.js:2297:7)
    at Object.eachLimit (/Users/andreymaznyak/projects/meteora/DEV_ENV_4/devboy-env-4/node_modules/.pnpm/neo-async@2.6.2/node_modules/neo-async/async.js:3463:5)
    at /Users/andreymaznyak/projects/meteora/DEV_ENV_4/devboy-env-4/node_modules/.pnpm/webpack@5.101.2_@swc+core@1.5.7_@swc+helpers@0.5.15__esbuild@0.25.9/node_modules/webpack/lib/Compilation.js:5367:15
    at symbolIterator (/Users/andreymaznyak/projects/meteora/DEV_ENV_4/devboy-env-4/node_modules/.pnpm/neo-async@2.6.2/node_modules/neo-async/async.js:3485:9)
    at done (/Users/andreymaznyak/projects/meteora/DEV_ENV_4/devboy-env-4/node_modules/.pnpm/neo-async@2.6.2/node_modules/neo-async/async.js:3527:9)
    at /Users/andreymaznyak/projects/meteora/DEV_ENV_4/devboy-env-4/node_modules/.pnpm/webpack@5.101.2_@swc+core@1.5.7_@swc+helpers@0.5.15__esbuild@0.25.9/node_modules/webpack/lib/Compilation.js:5313:8
    at /Users/andreymaznyak/projects/meteora/DEV_ENV_4/devboy-env-4/node_modules/.pnpm/webpack@5.101.2_@swc+core@1.5.7_@swc+helpers@0.5.15__esbuild@0.25.9/node_modules/webpack/lib/Compilation.js:3713:6
    at /Users/andreymaznyak/projects/meteora/DEV_ENV_4/devboy-env-4/node_modules/.pnpm/webpack@5.101.2_@swc+core@1.5.7_@swc+helpers@0.5.15__esbuild@0.25.9/node_modules/webpack/lib/HookWebpackError.js:68:2
    at _done (eval at create (/Users/andreymaznyak/projects/meteora/DEV_ENV_4/devboy-env-4/node_modules/.pnpm/tapable@2.2.1/node_modules/tapable/lib/HookCodeFactory.js:33:10), <anonymous>:9:1)
    at Hook.eval [as callAsync] (eval at create (/Users/andreymaznyak/projects/meteora/DEV_ENV_4/devboy-env-4/node_modules/.pnpm/tapable@2.2.1/node_modules/tapable/lib/HookCodeFactory.js:33:10), <anonymous>:39:22)
    at Cache.store (/Users/andreymaznyak/projects/meteora/DEV_ENV_4/devboy-env-4/node_modules/.pnpm/webpack@5.101.2_@swc+core@1.5.7_@swc+helpers@0.5.15__esbuild@0.25.9/node_modules/webpack/lib/Cache.js:113:20)
    at ItemCacheFacade.store (/Users/andreymaznyak/projects/meteora/DEV_ENV_4/devboy-env-4/node_modules/.pnpm/webpack@5.101.2_@swc+core@1.5.7_@swc+helpers@0.5.15__esbuild@0.25.9/node_modules/webpack/lib/CacheFacade.js:142:15)
    at /Users/andreymaznyak/projects/meteora/DEV_ENV_4/devboy-env-4/node_modules/.pnpm/webpack@5.101.2_@swc+core@1.5.7_@swc+helpers@0.5.15__esbuild@0.25.9/node_modules/webpack/lib/Compilation.js:3712:11
    at /Users/andreymaznyak/projects/meteora/DEV_ENV_4/devboy-env-4/node_modules/.pnpm/webpack@5.101.2_@swc+core@1.5.7_@swc+helpers@0.5.15__esbuild@0.25.9/node_modules/webpack/lib/Cache.js:97:34
    at Array.<anonymous> (/Users/andreymaznyak/projects/meteora/DEV_ENV_4/devboy-env-4/node_modules/.pnpm/webpack@5.101.2_@swc+core@1.5.7_@swc+helpers@0.5.15__esbuild@0.25.9/node_modules/webpack/lib/cache/MemoryWithGcCachePlugin.js:129:13)
    at /Users/andreymaznyak/projects/meteora/DEV_ENV_4/devboy-env-4/node_modules/.pnpm/webpack@5.101.2_@swc+core@1.5.7_@swc+helpers@0.5.15__esbuild@0.25.9/node_modules/webpack/lib/Cache.js:97:19
    at eval (eval at create (/Users/andreymaznyak/projects/meteora/DEV_ENV_4/devboy-env-4/node_modules/.pnpm/tapable@2.2.1/node_modules/tapable/lib/HookCodeFactory.js:33:10), <anonymous>:27:1)
    at process.processTicksAndRejections (node:internal/process/task_queues:95:5)
-- inner error --
Error: Module build failed (from ./node_modules/.pnpm/sass-loader@16.0.5_@rspack+core@1.3.12_@swc+helpers@0.5.18__sass-embedded@1.97.1_sass@1_c9f287bff3db120e3a945549ea687ba6/node_modules/sass-loader/dist/cjs.js):
Error: ENOENT: no such file or directory, open '/Users/andreymaznyak/projects/meteora/DEV_ENV_4/devboy-env-4/apps/dev-boy-dashboard-ui/src/styles/styles.scss'
    at Object.<anonymous> (/Users/andreymaznyak/projects/meteora/DEV_ENV_4/devboy-env-4/node_modules/.pnpm/css-loader@7.1.2_@rspack+core@1.3.12_@swc+helpers@0.5.18__webpack@5.101.2_@swc+core@1.5.7_@swc+helpers@0.5.15__/node_modules/css-loader/dist/cjs.js??ruleSet[1].rules[6].rules[0].oneOf[0].use[1]!/Users/andreymaznyak/projects/meteora/DEV_ENV_4/devboy-env-4/node_modules/.pnpm/postcss-loader@8.1.1_@rspack+core@1.3.12_@swc+helpers@0.5.18__postcss@8.5.6_typescript@_c953ef3422bf74881f5136c1e03e99f6/node_modules/postcss-loader/dist/cjs.js??ruleSet[1].rules[6].rules[0].oneOf[0].use[2]!/Users/andreymaznyak/projects/meteora/DEV_ENV_4/devboy-env-4/node_modules/.pnpm/resolve-url-loader@5.0.0/node_modules/resolve-url-loader/index.js??ruleSet[1].rules[6].rules[1].use[0]!/Users/andreymaznyak/projects/meteora/DEV_ENV_4/devboy-env-4/node_modules/.pnpm/sass-loader@16.0.5_@rspack+core@1.3.12_@swc+helpers@0.5.18__sass-embedded@1.97.1_sass@1_c9f287bff3db120e3a945549ea687ba6/node_modules/sass-loader/dist/cjs.js??ruleSet[1].rules[6].rules[1].use[1]!/Users/andreymaznyak/projects/meteora/DEV_ENV_4/devboy-env-4/apps/dev-boy-dashboard-ui/src/styles/styles.scss?ngGlobalStyle:1:7)
    at /Users/andreymaznyak/projects/meteora/DEV_ENV_4/devboy-env-4/node_modules/.pnpm/webpack@5.101.2_@swc+core@1.5.7_@swc+helpers@0.5.15__esbuild@0.25.9/node_modules/webpack/lib/javascript/JavascriptModulesPlugin.js:544:10
    at Hook.eval [as call] (eval at create (/Users/andreymaznyak/projects/meteora/DEV_ENV_4/devboy-env-4/node_modules/.pnpm/tapable@2.2.1/node_modules/tapable/lib/HookCodeFactory.js:19:10), <anonymous>:7:1)
    at Hook.CALL_DELEGATE [as _call] (/Users/andreymaznyak/projects/meteora/DEV_ENV_4/devboy-env-4/node_modules/.pnpm/tapable@2.2.1/node_modules/tapable/lib/Hook.js:14:14)
    at /Users/andreymaznyak/projects/meteora/DEV_ENV_4/devboy-env-4/node_modules/.pnpm/webpack@5.101.2_@swc+core@1.5.7_@swc+helpers@0.5.15__esbuild@0.25.9/node_modules/webpack/lib/Compilation.js:5517:39
    at tryRunOrWebpackError (/Users/andreymaznyak/projects/meteora/DEV_ENV_4/devboy-env-4/node_modules/.pnpm/webpack@5.101.2_@swc+core@1.5.7_@swc+helpers@0.5.15__esbuild@0.25.9/node_modules/webpack/lib/HookWebpackError.js:82:7)
    at __webpack_require_module__ (/Users/andreymaznyak/projects/meteora/DEV_ENV_4/devboy-env-4/node_modules/.pnpm/webpack@5.101.2_@swc+core@1.5.7_@swc+helpers@0.5.15__esbuild@0.25.9/node_modules/webpack/lib/Compilation.js:5515:12)
    at __webpack_require__ (/Users/andreymaznyak/projects/meteora/DEV_ENV_4/devboy-env-4/node_modules/.pnpm/webpack@5.101.2_@swc+core@1.5.7_@swc+helpers@0.5.15__esbuild@0.25.9/node_modules/webpack/lib/Compilation.js:5462:18)
    at /Users/andreymaznyak/projects/meteora/DEV_ENV_4/devboy-env-4/node_modules/.pnpm/webpack@5.101.2_@swc+core@1.5.7_@swc+helpers@0.5.15__esbuild@0.25.9/node_modules/webpack/lib/Compilation.js:5550:20
    at symbolIterator (/Users/andreymaznyak/projects/meteora/DEV_ENV_4/devboy-env-4/node_modules/.pnpm/neo-async@2.6.2/node_modules/neo-async/async.js:3485:9)
    at done (/Users/andreymaznyak/projects/meteora/DEV_ENV_4/devboy-env-4/node_modules/.pnpm/neo-async@2.6.2/node_modules/neo-async/async.js:3527:9)
    at Hook.eval [as callAsync] (eval at create (/Users/andreymaznyak/projects/meteora/DEV_ENV_4/devboy-env-4/node_modules/.pnpm/tapable@2.2.1/node_modules/tapable/lib/HookCodeFactory.js:33:10), <anonymous>:15:1)
    at Hook.CALL_ASYNC_DELEGATE [as _callAsync] (/Users/andreymaznyak/projects/meteora/DEV_ENV_4/devboy-env-4/node_modules/.pnpm/tapable@2.2.1/node_modules/tapable/lib/Hook.js:18:14)
    at /Users/andreymaznyak/projects/meteora/DEV_ENV_4/devboy-env-4/node_modules/.pnpm/webpack@5.101.2_@swc+core@1.5.7_@swc+helpers@0.5.15__esbuild@0.25.9/node_modules/webpack/lib/Compilation.js:5437:43
    at symbolIterator (/Users/andreymaznyak/projects/meteora/DEV_ENV_4/devboy-env-4/node_modules/.pnpm/neo-async@2.6.2/node_modules/neo-async/async.js:3482:9)
    at timesSync (/Users/andreymaznyak/projects/meteora/DEV_ENV_4/devboy-env-4/node_modules/.pnpm/neo-async@2.6.2/node_modules/neo-async/async.js:2297:7)
    at Object.eachLimit (/Users/andreymaznyak/projects/meteora/DEV_ENV_4/devboy-env-4/node_modules/.pnpm/neo-async@2.6.2/node_modules/neo-async/async.js:3463:5)
    at /Users/andreymaznyak/projects/meteora/DEV_ENV_4/devboy-env-4/node_modules/.pnpm/webpack@5.101.2_@swc+core@1.5.7_@swc+helpers@0.5.15__esbuild@0.25.9/node_modules/webpack/lib/Compilation.js:5399:16
    at symbolIterator (/Users/andreymaznyak/projects/meteora/DEV_ENV_4/devboy-env-4/node_modules/.pnpm/neo-async@2.6.2/node_modules/neo-async/async.js:3485:9)
    at timesSync (/Users/andreymaznyak/projects/meteora/DEV_ENV_4/devboy-env-4/node_modules/.pnpm/neo-async@2.6.2/node_modules/neo-async/async.js:2297:7)
    at Object.eachLimit (/Users/andreymaznyak/projects/meteora/DEV_ENV_4/devboy-env-4/node_modules/.pnpm/neo-async@2.6.2/node_modules/neo-async/async.js:3463:5)
    at /Users/andreymaznyak/projects/meteora/DEV_ENV_4/devboy-env-4/node_modules/.pnpm/webpack@5.101.2_@swc+core@1.5.7_@swc+helpers@0.5.15__esbuild@0.25.9/node_modules/webpack/lib/Compilation.js:5367:15
    at symbolIterator (/Users/andreymaznyak/projects/meteora/DEV_ENV_4/devboy-env-4/node_modules/.pnpm/neo-async@2.6.2/node_modules/neo-async/async.js:3485:9)
    at done (/Users/andreymaznyak/projects/meteora/DEV_ENV_4/devboy-env-4/node_modules/.pnpm/neo-async@2.6.2/node_modules/neo-async/async.js:3527:9)
    at /Users/andreymaznyak/projects/meteora/DEV_ENV_4/devboy-env-4/node_modules/.pnpm/webpack@5.101.2_@swc+core@1.5.7_@swc+helpers@0.5.15__esbuild@0.25.9/node_modules/webpack/lib/Compilation.js:5313:8
    at /Users/andreymaznyak/projects/meteora/DEV_ENV_4/devboy-env-4/node_modules/.pnpm/webpack@5.101.2_@swc+core@1.5.7_@swc+helpers@0.5.15__esbuild@0.25.9/node_modules/webpack/lib/Compilation.js:3713:6
    at /Users/andreymaznyak/projects/meteora/DEV_ENV_4/devboy-env-4/node_modules/.pnpm/webpack@5.101.2_@swc+core@1.5.7_@swc+helpers@0.5.15__esbuild@0.25.9/node_modules/webpack/lib/HookWebpackError.js:68:2
    at _done (eval at create (/Users/andreymaznyak/projects/meteora/DEV_ENV_4/devboy-env-4/node_modules/.pnpm/tapable@2.2.1/node_modules/tapable/lib/HookCodeFactory.js:33:10), <anonymous>:9:1)
    at Hook.eval [as callAsync] (eval at create (/Users/andreymaznyak/projects/meteora/DEV_ENV_4/devboy-env-4/node_modules/.pnpm/tapable@2.2.1/node_modules/tapable/lib/HookCodeFactory.js:33:10), <anonymous>:39:22)
    at Cache.store (/Users/andreymaznyak/projects/meteora/DEV_ENV_4/devboy-env-4/node_modules/.pnpm/webpack@5.101.2_@swc+core@1.5.7_@swc+helpers@0.5.15__esbuild@0.25.9/node_modules/webpack/lib/Cache.js:113:20)
    at ItemCacheFacade.store (/Users/andreymaznyak/projects/meteora/DEV_ENV_4/devboy-env-4/node_modules/.pnpm/webpack@5.101.2_@swc+core@1.5.7_@swc+helpers@0.5.15__esbuild@0.25.9/node_modules/webpack/lib/CacheFacade.js:142:15)
    at /Users/andreymaznyak/projects/meteora/DEV_ENV_4/devboy-env-4/node_modules/.pnpm/webpack@5.101.2_@swc+core@1.5.7_@swc+helpers@0.5.15__esbuild@0.25.9/node_modules/webpack/lib/Compilation.js:3712:11
    at /Users/andreymaznyak/projects/meteora/DEV_ENV_4/devboy-env-4/node_modules/.pnpm/webpack@5.101.2_@swc+core@1.5.7_@swc+helpers@0.5.15__esbuild@0.25.9/node_modules/webpack/lib/Cache.js:97:34
    at Array.<anonymous> (/Users/andreymaznyak/projects/meteora/DEV_ENV_4/devboy-env-4/node_modules/.pnpm/webpack@5.101.2_@swc+core@1.5.7_@swc+helpers@0.5.15__esbuild@0.25.9/node_modules/webpack/lib/cache/MemoryWithGcCachePlugin.js:129:13)
    at /Users/andreymaznyak/projects/meteora/DEV_ENV_4/devboy-env-4/node_modules/.pnpm/webpack@5.101.2_@swc+core@1.5.7_@swc+helpers@0.5.15__esbuild@0.25.9/node_modules/webpack/lib/Cache.js:97:19
    at eval (eval at create (/Users/andreymaznyak/projects/meteora/DEV_ENV_4/devboy-env-4/node_modules/.pnpm/tapable@2.2.1/node_modules/tapable/lib/HookCodeFactory.js:33:10), <anonymous>:27:1)
    at process.processTicksAndRejections (node:internal/process/task_queues:95:5)

Generated code for /Users/andreymaznyak/projects/meteora/DEV_ENV_4/devboy-env-4/node_modules/.pnpm/css-loader@7.1.2_@rspack+core@1.3.12_@swc+helpers@0.5.18__webpack@5.101.2_@swc+core@1.5.7_@swc+helpers@0.5.15__/node_modules/css-loader/dist/cjs.js??ruleSet[1].rules[6].rules[0].oneOf[0].use[1]!/Users/andreymaznyak/projects/meteora/DEV_ENV_4/devboy-env-4/node_modules/.pnpm/postcss-loader@8.1.1_@rspack+core@1.3.12_@swc+helpers@0.5.18__postcss@8.5.6_typescript@_c953ef3422bf74881f5136c1e03e99f6/node_modules/postcss-loader/dist/cjs.js??ruleSet[1].rules[6].rules[0].oneOf[0].use[2]!/Users/andreymaznyak/projects/meteora/DEV_ENV_4/devboy-env-4/node_modules/.pnpm/resolve-url-loader@5.0.0/node_modules/resolve-url-loader/index.js??ruleSet[1].rules[6].rules[1].use[0]!/Users/andreymaznyak/projects/meteora/DEV_ENV_4/devboy-env-4/node_modules/.pnpm/sass-loader@16.0.5_@rspack+core@1.3.12_@swc+helpers@0.5.18__sass-embedded@1.97.1_sass@1_c9f287bff3db120e3a945549ea687ba6/node_modules/sass-loader/dist/cjs.js??ruleSet[1].rules[6].rules[1].use[1]!/Users/andreymaznyak/projects/meteora/DEV_ENV_4/devboy-env-4/apps/dev-boy-dashboard-ui/src/styles/styles.scss?ngGlobalStyle
1 | throw new Error("Module build failed (from ./node_modules/.pnpm/sass-loader@16.0.5_@rspack+core@1.3.12_@swc+helpers@0.5.18__sass-embedded@1.97.1_sass@1_c9f287bff3db120e3a945549ea687ba6/node_modules/sass-loader/dist/cjs.js):\nError: ENOENT: no such file or directory, open '/Users/andreymaznyak/projects/meteora/DEV_ENV_4/devboy-env-4/apps/dev-boy-dashboard-ui/src/styles/styles.scss'"); @ http://localhost:4500/polyfills.js:730
[ 6336938ms] [ERROR] [webpack-dev-server] ERROR in ./apps/dev-boy-dashboard-ui/src/styles/dark.less?ngGlobalStyle
Module build failed (from ./node_modules/.pnpm/mini-css-extract-plugin@2.9.4_webpack@5.101.2_@swc+core@1.5.7_@swc+helpers@0.5.15__/node_modules/mini-css-extract-plugin/dist/loader.js):
HookWebpackError: Module build failed (from ./node_modules/.pnpm/less-loader@12.3.0_@rspack+core@1.3.12_@swc+helpers@0.5.18__less@4.4.0_webpack@5.101.2__c548343199fb8f76dfc5447fe35483e7/node_modules/less-loader/dist/cjs.js):
Error: ENOENT: no such file or directory, open '/Users/andreymaznyak/projects/meteora/DEV_ENV_4/devboy-env-4/apps/dev-boy-dashboard-ui/src/styles/dark.less'
    at tryRunOrWebpackError (/Users/andreymaznyak/projects/meteora/DEV_ENV_4/devboy-env-4/node_modules/.pnpm/webpack@5.101.2_@swc+core@1.5.7_@swc+helpers@0.5.15__esbuild@0.25.9/node_modules/webpack/lib/HookWebpackError.js:87:9)
    at __webpack_require_module__ (/Users/andreymaznyak/projects/meteora/DEV_ENV_4/devboy-env-4/node_modules/.pnpm/webpack@5.101.2_@swc+core@1.5.7_@swc+helpers@0.5.15__esbuild@0.25.9/node_modules/webpack/lib/Compilation.js:5515:12)
    at __webpack_require__ (/Users/andreymaznyak/projects/meteora/DEV_ENV_4/devboy-env-4/node_modules/.pnpm/webpack@5.101.2_@swc+core@1.5.7_@swc+helpers@0.5.15__esbuild@0.25.9/node_modules/webpack/lib/Compilation.js:5462:18)
    at /Users/andreymaznyak/projects/meteora/DEV_ENV_4/devboy-env-4/node_modules/.pnpm/webpack@5.101.2_@swc+core@1.5.7_@swc+helpers@0.5.15__esbuild@0.25.9/node_modules/webpack/lib/Compilation.js:5550:20
    at symbolIterator (/Users/andreymaznyak/projects/meteora/DEV_ENV_4/devboy-env-4/node_modules/.pnpm/neo-async@2.6.2/node_modules/neo-async/async.js:3485:9)
    at done (/Users/andreymaznyak/projects/meteora/DEV_ENV_4/devboy-env-4/node_modules/.pnpm/neo-async@2.6.2/node_modules/neo-async/async.js:3527:9)
    at Hook.eval [as callAsync] (eval at create (/Users/andreymaznyak/projects/meteora/DEV_ENV_4/devboy-env-4/node_modules/.pnpm/tapable@2.2.1/node_modules/tapable/lib/HookCodeFactory.js:33:10), <anonymous>:15:1)
    at /Users/andreymaznyak/projects/meteora/DEV_ENV_4/devboy-env-4/node_modules/.pnpm/webpack@5.101.2_@swc+core@1.5.7_@swc+helpers@0.5.15__esbuild@0.25.9/node_modules/webpack/lib/Compilation.js:5437:43
    at symbolIterator (/Users/andreymaznyak/projects/meteora/DEV_ENV_4/devboy-env-4/node_modules/.pnpm/neo-async@2.6.2/node_modules/neo-async/async.js:3482:9)
    at timesSync (/Users/andreymaznyak/projects/meteora/DEV_ENV_4/devboy-env-4/node_modules/.pnpm/neo-async@2.6.2/node_modules/neo-async/async.js:2297:7)
    at Object.eachLimit (/Users/andreymaznyak/projects/meteora/DEV_ENV_4/devboy-env-4/node_modules/.pnpm/neo-async@2.6.2/node_modules/neo-async/async.js:3463:5)
    at /Users/andreymaznyak/projects/meteora/DEV_ENV_4/devboy-env-4/node_modules/.pnpm/webpack@5.101.2_@swc+core@1.5.7_@swc+helpers@0.5.15__esbuild@0.25.9/node_modules/webpack/lib/Compilation.js:5399:16
    at symbolIterator (/Users/andreymaznyak/projects/meteora/DEV_ENV_4/devboy-env-4/node_modules/.pnpm/neo-async@2.6.2/node_modules/neo-async/async.js:3485:9)
    at timesSync (/Users/andreymaznyak/projects/meteora/DEV_ENV_4/devboy-env-4/node_modules/.pnpm/neo-async@2.6.2/node_modules/neo-async/async.js:2297:7)
    at Object.eachLimit (/Users/andreymaznyak/projects/meteora/DEV_ENV_4/devboy-env-4/node_modules/.pnpm/neo-async@2.6.2/node_modules/neo-async/async.js:3463:5)
    at /Users/andreymaznyak/projects/meteora/DEV_ENV_4/devboy-env-4/node_modules/.pnpm/webpack@5.101.2_@swc+core@1.5.7_@swc+helpers@0.5.15__esbuild@0.25.9/node_modules/webpack/lib/Compilation.js:5367:15
    at symbolIterator (/Users/andreymaznyak/projects/meteora/DEV_ENV_4/devboy-env-4/node_modules/.pnpm/neo-async@2.6.2/node_modules/neo-async/async.js:3485:9)
    at done (/Users/andreymaznyak/projects/meteora/DEV_ENV_4/devboy-env-4/node_modules/.pnpm/neo-async@2.6.2/node_modules/neo-async/async.js:3527:9)
    at /Users/andreymaznyak/projects/meteora/DEV_ENV_4/devboy-env-4/node_modules/.pnpm/webpack@5.101.2_@swc+core@1.5.7_@swc+helpers@0.5.15__esbuild@0.25.9/node_modules/webpack/lib/Compilation.js:5313:8
    at /Users/andreymaznyak/projects/meteora/DEV_ENV_4/devboy-env-4/node_modules/.pnpm/webpack@5.101.2_@swc+core@1.5.7_@swc+helpers@0.5.15__esbuild@0.25.9/node_modules/webpack/lib/Compilation.js:3713:6
    at /Users/andreymaznyak/projects/meteora/DEV_ENV_4/devboy-env-4/node_modules/.pnpm/webpack@5.101.2_@swc+core@1.5.7_@swc+helpers@0.5.15__esbuild@0.25.9/node_modules/webpack/lib/HookWebpackError.js:68:2
    at _done (eval at create (/Users/andreymaznyak/projects/meteora/DEV_ENV_4/devboy-env-4/node_modules/.pnpm/tapable@2.2.1/node_modules/tapable/lib/HookCodeFactory.js:33:10), <anonymous>:9:1)
    at Hook.eval [as callAsync] (eval at create (/Users/andreymaznyak/projects/meteora/DEV_ENV_4/devboy-env-4/node_modules/.pnpm/tapable@2.2.1/node_modules/tapable/lib/HookCodeFactory.js:33:10), <anonymous>:39:22)
    at Cache.store (/Users/andreymaznyak/projects/meteora/DEV_ENV_4/devboy-env-4/node_modules/.pnpm/webpack@5.101.2_@swc+core@1.5.7_@swc+helpers@0.5.15__esbuild@0.25.9/node_modules/webpack/lib/Cache.js:113:20)
    at ItemCacheFacade.store (/Users/andreymaznyak/projects/meteora/DEV_ENV_4/devboy-env-4/node_modules/.pnpm/webpack@5.101.2_@swc+core@1.5.7_@swc+helpers@0.5.15__esbuild@0.25.9/node_modules/webpack/lib/CacheFacade.js:142:15)
    at /Users/andreymaznyak/projects/meteora/DEV_ENV_4/devboy-env-4/node_modules/.pnpm/webpack@5.101.2_@swc+core@1.5.7_@swc+helpers@0.5.15__esbuild@0.25.9/node_modules/webpack/lib/Compilation.js:3712:11
    at /Users/andreymaznyak/projects/meteora/DEV_ENV_4/devboy-env-4/node_modules/.pnpm/webpack@5.101.2_@swc+core@1.5.7_@swc+helpers@0.5.15__esbuild@0.25.9/node_modules/webpack/lib/Cache.js:97:34
    at Array.<anonymous> (/Users/andreymaznyak/projects/meteora/DEV_ENV_4/devboy-env-4/node_modules/.pnpm/webpack@5.101.2_@swc+core@1.5.7_@swc+helpers@0.5.15__esbuild@0.25.9/node_modules/webpack/lib/cache/MemoryWithGcCachePlugin.js:129:13)
    at /Users/andreymaznyak/projects/meteora/DEV_ENV_4/devboy-env-4/node_modules/.pnpm/webpack@5.101.2_@swc+core@1.5.7_@swc+helpers@0.5.15__esbuild@0.25.9/node_modules/webpack/lib/Cache.js:97:19
    at eval (eval at create (/Users/andreymaznyak/projects/meteora/DEV_ENV_4/devboy-env-4/node_modules/.pnpm/tapable@2.2.1/node_modules/tapable/lib/HookCodeFactory.js:33:10), <anonymous>:27:1)
    at process.processTicksAndRejections (node:internal/process/task_queues:95:5)
-- inner error --
Error: Module build failed (from ./node_modules/.pnpm/less-loader@12.3.0_@rspack+core@1.3.12_@swc+helpers@0.5.18__less@4.4.0_webpack@5.101.2__c548343199fb8f76dfc5447fe35483e7/node_modules/less-loader/dist/cjs.js):
Error: ENOENT: no such file or directory, open '/Users/andreymaznyak/projects/meteora/DEV_ENV_4/devboy-env-4/apps/dev-boy-dashboard-ui/src/styles/dark.less'
    at Object.<anonymous> (/Users/andreymaznyak/projects/meteora/DEV_ENV_4/devboy-env-4/node_modules/.pnpm/css-loader@7.1.2_@rspack+core@1.3.12_@swc+helpers@0.5.18__webpack@5.101.2_@swc+core@1.5.7_@swc+helpers@0.5.15__/node_modules/css-loader/dist/cjs.js??ruleSet[1].rules[8].rules[0].oneOf[0].use[1]!/Users/andreymaznyak/projects/meteora/DEV_ENV_4/devboy-env-4/node_modules/.pnpm/postcss-loader@8.1.1_@rspack+core@1.3.12_@swc+helpers@0.5.18__postcss@8.5.6_typescript@_c953ef3422bf74881f5136c1e03e99f6/node_modules/postcss-loader/dist/cjs.js??ruleSet[1].rules[8].rules[0].oneOf[0].use[2]!/Users/andreymaznyak/projects/meteora/DEV_ENV_4/devboy-env-4/node_modules/.pnpm/less-loader@12.3.0_@rspack+core@1.3.12_@swc+helpers@0.5.18__less@4.4.0_webpack@5.101.2__c548343199fb8f76dfc5447fe35483e7/node_modules/less-loader/dist/cjs.js??ruleSet[1].rules[8].rules[1].use[0]!/Users/andreymaznyak/projects/meteora/DEV_ENV_4/devboy-env-4/apps/dev-boy-dashboard-ui/src/styles/dark.less?ngGlobalStyle:1:7)
    at /Users/andreymaznyak/projects/meteora/DEV_ENV_4/devboy-env-4/node_modules/.pnpm/webpack@5.101.2_@swc+core@1.5.7_@swc+helpers@0.5.15__esbuild@0.25.9/node_modules/webpack/lib/javascript/JavascriptModulesPlugin.js:544:10
    at Hook.eval [as call] (eval at create (/Users/andreymaznyak/projects/meteora/DEV_ENV_4/devboy-env-4/node_modules/.pnpm/tapable@2.2.1/node_modules/tapable/lib/HookCodeFactory.js:19:10), <anonymous>:7:1)
    at /Users/andreymaznyak/projects/meteora/DEV_ENV_4/devboy-env-4/node_modules/.pnpm/webpack@5.101.2_@swc+core@1.5.7_@swc+helpers@0.5.15__esbuild@0.25.9/node_modules/webpack/lib/Compilation.js:5517:39
    at tryRunOrWebpackError (/Users/andreymaznyak/projects/meteora/DEV_ENV_4/devboy-env-4/node_modules/.pnpm/webpack@5.101.2_@swc+core@1.5.7_@swc+helpers@0.5.15__esbuild@0.25.9/node_modules/webpack/lib/HookWebpackError.js:82:7)
    at __webpack_require_module__ (/Users/andreymaznyak/projects/meteora/DEV_ENV_4/devboy-env-4/node_modules/.pnpm/webpack@5.101.2_@swc+core@1.5.7_@swc+helpers@0.5.15__esbuild@0.25.9/node_modules/webpack/lib/Compilation.js:5515:12)
    at __webpack_require__ (/Users/andreymaznyak/projects/meteora/DEV_ENV_4/devboy-env-4/node_modules/.pnpm/webpack@5.101.2_@swc+core@1.5.7_@swc+helpers@0.5.15__esbuild@0.25.9/node_modules/webpack/lib/Compilation.js:5462:18)
    at /Users/andreymaznyak/projects/meteora/DEV_ENV_4/devboy-env-4/node_modules/.pnpm/webpack@5.101.2_@swc+core@1.5.7_@swc+helpers@0.5.15__esbuild@0.25.9/node_modules/webpack/lib/Compilation.js:5550:20
    at symbolIterator (/Users/andreymaznyak/projects/meteora/DEV_ENV_4/devboy-env-4/node_modules/.pnpm/neo-async@2.6.2/node_modules/neo-async/async.js:3485:9)
    at done (/Users/andreymaznyak/projects/meteora/DEV_ENV_4/devboy-env-4/node_modules/.pnpm/neo-async@2.6.2/node_modules/neo-async/async.js:3527:9)
    at Hook.eval [as callAsync] (eval at create (/Users/andreymaznyak/projects/meteora/DEV_ENV_4/devboy-env-4/node_modules/.pnpm/tapable@2.2.1/node_modules/tapable/lib/HookCodeFactory.js:33:10), <anonymous>:15:1)
    at /Users/andreymaznyak/projects/meteora/DEV_ENV_4/devboy-env-4/node_modules/.pnpm/webpack@5.101.2_@swc+core@1.5.7_@swc+helpers@0.5.15__esbuild@0.25.9/node_modules/webpack/lib/Compilation.js:5437:43
    at symbolIterator (/Users/andreymaznyak/projects/meteora/DEV_ENV_4/devboy-env-4/node_modules/.pnpm/neo-async@2.6.2/node_modules/neo-async/async.js:3482:9)
    at timesSync (/Users/andreymaznyak/projects/meteora/DEV_ENV_4/devboy-env-4/node_modules/.pnpm/neo-async@2.6.2/node_modules/neo-async/async.js:2297:7)
    at Object.eachLimit (/Users/andreymaznyak/projects/meteora/DEV_ENV_4/devboy-env-4/node_modules/.pnpm/neo-async@2.6.2/node_modules/neo-async/async.js:3463:5)
    at /Users/andreymaznyak/projects/meteora/DEV_ENV_4/devboy-env-4/node_modules/.pnpm/webpack@5.101.2_@swc+core@1.5.7_@swc+helpers@0.5.15__esbuild@0.25.9/node_modules/webpack/lib/Compilation.js:5399:16
    at symbolIterator (/Users/andreymaznyak/projects/meteora/DEV_ENV_4/devboy-env-4/node_modules/.pnpm/neo-async@2.6.2/node_modules/neo-async/async.js:3485:9)
    at timesSync (/Users/andreymaznyak/projects/meteora/DEV_ENV_4/devboy-env-4/node_modules/.pnpm/neo-async@2.6.2/node_modules/neo-async/async.js:2297:7)
    at Object.eachLimit (/Users/andreymaznyak/projects/meteora/DEV_ENV_4/devboy-env-4/node_modules/.pnpm/neo-async@2.6.2/node_modules/neo-async/async.js:3463:5)
    at /Users/andreymaznyak/projects/meteora/DEV_ENV_4/devboy-env-4/node_modules/.pnpm/webpack@5.101.2_@swc+core@1.5.7_@swc+helpers@0.5.15__esbuild@0.25.9/node_modules/webpack/lib/Compilation.js:5367:15
    at symbolIterator (/Users/andreymaznyak/projects/meteora/DEV_ENV_4/devboy-env-4/node_modules/.pnpm/neo-async@2.6.2/node_modules/neo-async/async.js:3485:9)
    at done (/Users/andreymaznyak/projects/meteora/DEV_ENV_4/devboy-env-4/node_modules/.pnpm/neo-async@2.6.2/node_modules/neo-async/async.js:3527:9)
    at /Users/andreymaznyak/projects/meteora/DEV_ENV_4/devboy-env-4/node_modules/.pnpm/webpack@5.101.2_@swc+core@1.5.7_@swc+helpers@0.5.15__esbuild@0.25.9/node_modules/webpack/lib/Compilation.js:5313:8
    at /Users/andreymaznyak/projects/meteora/DEV_ENV_4/devboy-env-4/node_modules/.pnpm/webpack@5.101.2_@swc+core@1.5.7_@swc+helpers@0.5.15__esbuild@0.25.9/node_modules/webpack/lib/Compilation.js:3713:6
    at /Users/andreymaznyak/projects/meteora/DEV_ENV_4/devboy-env-4/node_modules/.pnpm/webpack@5.101.2_@swc+core@1.5.7_@swc+helpers@0.5.15__esbuild@0.25.9/node_modules/webpack/lib/HookWebpackError.js:68:2
    at _done (eval at create (/Users/andreymaznyak/projects/meteora/DEV_ENV_4/devboy-env-4/node_modules/.pnpm/tapable@2.2.1/node_modules/tapable/lib/HookCodeFactory.js:33:10), <anonymous>:9:1)
    at Hook.eval [as callAsync] (eval at create (/Users/andreymaznyak/projects/meteora/DEV_ENV_4/devboy-env-4/node_modules/.pnpm/tapable@2.2.1/node_modules/tapable/lib/HookCodeFactory.js:33:10), <anonymous>:39:22)
    at Cache.store (/Users/andreymaznyak/projects/meteora/DEV_ENV_4/devboy-env-4/node_modules/.pnpm/webpack@5.101.2_@swc+core@1.5.7_@swc+helpers@0.5.15__esbuild@0.25.9/node_modules/webpack/lib/Cache.js:113:20)
    at ItemCacheFacade.store (/Users/andreymaznyak/projects/meteora/DEV_ENV_4/devboy-env-4/node_modules/.pnpm/webpack@5.101.2_@swc+core@1.5.7_@swc+helpers@0.5.15__esbuild@0.25.9/node_modules/webpack/lib/CacheFacade.js:142:15)
    at /Users/andreymaznyak/projects/meteora/DEV_ENV_4/devboy-env-4/node_modules/.pnpm/webpack@5.101.2_@swc+core@1.5.7_@swc+helpers@0.5.15__esbuild@0.25.9/node_modules/webpack/lib/Compilation.js:3712:11
    at /Users/andreymaznyak/projects/meteora/DEV_ENV_4/devboy-env-4/node_modules/.pnpm/webpack@5.101.2_@swc+core@1.5.7_@swc+helpers@0.5.15__esbuild@0.25.9/node_modules/webpack/lib/Cache.js:97:34
    at Array.<anonymous> (/Users/andreymaznyak/projects/meteora/DEV_ENV_4/devboy-env-4/node_modules/.pnpm/webpack@5.101.2_@swc+core@1.5.7_@swc+helpers@0.5.15__esbuild@0.25.9/node_modules/webpack/lib/cache/MemoryWithGcCachePlugin.js:129:13)
    at /Users/andreymaznyak/projects/meteora/DEV_ENV_4/devboy-env-4/node_modules/.pnpm/webpack@5.101.2_@swc+core@1.5.7_@swc+helpers@0.5.15__esbuild@0.25.9/node_modules/webpack/lib/Cache.js:97:19
    at eval (eval at create (/Users/andreymaznyak/projects/meteora/DEV_ENV_4/devboy-env-4/node_modules/.pnpm/tapable@2.2.1/node_modules/tapable/lib/HookCodeFactory.js:33:10), <anonymous>:27:1)
    at process.processTicksAndRejections (node:internal/process/task_queues:95:5)

Generated code for /Users/andreymaznyak/projects/meteora/DEV_ENV_4/devboy-env-4/node_modules/.pnpm/css-loader@7.1.2_@rspack+core@1.3.12_@swc+helpers@0.5.18__webpack@5.101.2_@swc+core@1.5.7_@swc+helpers@0.5.15__/node_modules/css-loader/dist/cjs.js??ruleSet[1].rules[8].rules[0].oneOf[0].use[1]!/Users/andreymaznyak/projects/meteora/DEV_ENV_4/devboy-env-4/node_modules/.pnpm/postcss-loader@8.1.1_@rspack+core@1.3.12_@swc+helpers@0.5.18__postcss@8.5.6_typescript@_c953ef3422bf74881f5136c1e03e99f6/node_modules/postcss-loader/dist/cjs.js??ruleSet[1].rules[8].rules[0].oneOf[0].use[2]!/Users/andreymaznyak/projects/meteora/DEV_ENV_4/devboy-env-4/node_modules/.pnpm/less-loader@12.3.0_@rspack+core@1.3.12_@swc+helpers@0.5.18__less@4.4.0_webpack@5.101.2__c548343199fb8f76dfc5447fe35483e7/node_modules/less-loader/dist/cjs.js??ruleSet[1].rules[8].rules[1].use[0]!/Users/andreymaznyak/projects/meteora/DEV_ENV_4/devboy-env-4/apps/dev-boy-dashboard-ui/src/styles/dark.less?ngGlobalStyle
1 | throw new Error("Module build failed (from ./node_modules/.pnpm/less-loader@12.3.0_@rspack+core@1.3.12_@swc+helpers@0.5.18__less@4.4.0_webpack@5.101.2__c548343199fb8f76dfc5447fe35483e7/node_modules/less-loader/dist/cjs.js):\nError: ENOENT: no such file or directory, open '/Users/andreymaznyak/projects/meteora/DEV_ENV_4/devboy-env-4/apps/dev-boy-dashboard-ui/src/styles/dark.less'"); @ http://localhost:4500/polyfills.js:730
[ 6336938ms] [ERROR] [webpack-dev-server] ERROR in ./apps/dev-boy-dashboard-ui/src/styles/default.less?ngGlobalStyle
Module build failed (from ./node_modules/.pnpm/mini-css-extract-plugin@2.9.4_webpack@5.101.2_@swc+core@1.5.7_@swc+helpers@0.5.15__/node_modules/mini-css-extract-plugin/dist/loader.js):
HookWebpackError: Module build failed (from ./node_modules/.pnpm/less-loader@12.3.0_@rspack+core@1.3.12_@swc+helpers@0.5.18__less@4.4.0_webpack@5.101.2__c548343199fb8f76dfc5447fe35483e7/node_modules/less-loader/dist/cjs.js):
Error: ENOENT: no such file or directory, open '/Users/andreymaznyak/projects/meteora/DEV_ENV_4/devboy-env-4/apps/dev-boy-dashboard-ui/src/styles/default.less'
    at tryRunOrWebpackError (/Users/andreymaznyak/projects/meteora/DEV_ENV_4/devboy-env-4/node_modules/.pnpm/webpack@5.101.2_@swc+core@1.5.7_@swc+helpers@0.5.15__esbuild@0.25.9/node_modules/webpack/lib/HookWebpackError.js:87:9)
    at __webpack_require_module__ (/Users/andreymaznyak/projects/meteora/DEV_ENV_4/devboy-env-4/node_modules/.pnpm/webpack@5.101.2_@swc+core@1.5.7_@swc+helpers@0.5.15__esbuild@0.25.9/node_modules/webpack/lib/Compilation.js:5515:12)
    at __webpack_require__ (/Users/andreymaznyak/projects/meteora/DEV_ENV_4/devboy-env-4/node_modules/.pnpm/webpack@5.101.2_@swc+core@1.5.7_@swc+helpers@0.5.15__esbuild@0.25.9/node_modules/webpack/lib/Compilation.js:5462:18)
    at /Users/andreymaznyak/projects/meteora/DEV_ENV_4/devboy-env-4/node_modules/.pnpm/webpack@5.101.2_@swc+core@1.5.7_@swc+helpers@0.5.15__esbuild@0.25.9/node_modules/webpack/lib/Compilation.js:5550:20
    at symbolIterator (/Users/andreymaznyak/projects/meteora/DEV_ENV_4/devboy-env-4/node_modules/.pnpm/neo-async@2.6.2/node_modules/neo-async/async.js:3485:9)
    at done (/Users/andreymaznyak/projects/meteora/DEV_ENV_4/devboy-env-4/node_modules/.pnpm/neo-async@2.6.2/node_modules/neo-async/async.js:3527:9)
    at Hook.eval [as callAsync] (eval at create (/Users/andreymaznyak/projects/meteora/DEV_ENV_4/devboy-env-4/node_modules/.pnpm/tapable@2.2.1/node_modules/tapable/lib/HookCodeFactory.js:33:10), <anonymous>:15:1)
    at /Users/andreymaznyak/projects/meteora/DEV_ENV_4/devboy-env-4/node_modules/.pnpm/webpack@5.101.2_@swc+core@1.5.7_@swc+helpers@0.5.15__esbuild@0.25.9/node_modules/webpack/lib/Compilation.js:5437:43
    at symbolIterator (/Users/andreymaznyak/projects/meteora/DEV_ENV_4/devboy-env-4/node_modules/.pnpm/neo-async@2.6.2/node_modules/neo-async/async.js:3482:9)
    at timesSync (/Users/andreymaznyak/projects/meteora/DEV_ENV_4/devboy-env-4/node_modules/.pnpm/neo-async@2.6.2/node_modules/neo-async/async.js:2297:7)
    at Object.eachLimit (/Users/andreymaznyak/projects/meteora/DEV_ENV_4/devboy-env-4/node_modules/.pnpm/neo-async@2.6.2/node_modules/neo-async/async.js:3463:5)
    at /Users/andreymaznyak/projects/meteora/DEV_ENV_4/devboy-env-4/node_modules/.pnpm/webpack@5.101.2_@swc+core@1.5.7_@swc+helpers@0.5.15__esbuild@0.25.9/node_modules/webpack/lib/Compilation.js:5399:16
    at symbolIterator (/Users/andreymaznyak/projects/meteora/DEV_ENV_4/devboy-env-4/node_modules/.pnpm/neo-async@2.6.2/node_modules/neo-async/async.js:3485:9)
    at timesSync (/Users/andreymaznyak/projects/meteora/DEV_ENV_4/devboy-env-4/node_modules/.pnpm/neo-async@2.6.2/node_modules/neo-async/async.js:2297:7)
    at Object.eachLimit (/Users/andreymaznyak/projects/meteora/DEV_ENV_4/devboy-env-4/node_modules/.pnpm/neo-async@2.6.2/node_modules/neo-async/async.js:3463:5)
    at /Users/andreymaznyak/projects/meteora/DEV_ENV_4/devboy-env-4/node_modules/.pnpm/webpack@5.101.2_@swc+core@1.5.7_@swc+helpers@0.5.15__esbuild@0.25.9/node_modules/webpack/lib/Compilation.js:5367:15
    at symbolIterator (/Users/andreymaznyak/projects/meteora/DEV_ENV_4/devboy-env-4/node_modules/.pnpm/neo-async@2.6.2/node_modules/neo-async/async.js:3485:9)
    at done (/Users/andreymaznyak/projects/meteora/DEV_ENV_4/devboy-env-4/node_modules/.pnpm/neo-async@2.6.2/node_modules/neo-async/async.js:3527:9)
    at /Users/andreymaznyak/projects/meteora/DEV_ENV_4/devboy-env-4/node_modules/.pnpm/webpack@5.101.2_@swc+core@1.5.7_@swc+helpers@0.5.15__esbuild@0.25.9/node_modules/webpack/lib/Compilation.js:5313:8
    at /Users/andreymaznyak/projects/meteora/DEV_ENV_4/devboy-env-4/node_modules/.pnpm/webpack@5.101.2_@swc+core@1.5.7_@swc+helpers@0.5.15__esbuild@0.25.9/node_modules/webpack/lib/Compilation.js:3713:6
    at /Users/andreymaznyak/projects/meteora/DEV_ENV_4/devboy-env-4/node_modules/.pnpm/webpack@5.101.2_@swc+core@1.5.7_@swc+helpers@0.5.15__esbuild@0.25.9/node_modules/webpack/lib/HookWebpackError.js:68:2
    at _done (eval at create (/Users/andreymaznyak/projects/meteora/DEV_ENV_4/devboy-env-4/node_modules/.pnpm/tapable@2.2.1/node_modules/tapable/lib/HookCodeFactory.js:33:10), <anonymous>:9:1)
    at Hook.eval [as callAsync] (eval at create (/Users/andreymaznyak/projects/meteora/DEV_ENV_4/devboy-env-4/node_modules/.pnpm/tapable@2.2.1/node_modules/tapable/lib/HookCodeFactory.js:33:10), <anonymous>:39:22)
    at Cache.store (/Users/andreymaznyak/projects/meteora/DEV_ENV_4/devboy-env-4/node_modules/.pnpm/webpack@5.101.2_@swc+core@1.5.7_@swc+helpers@0.5.15__esbuild@0.25.9/node_modules/webpack/lib/Cache.js:113:20)
    at ItemCacheFacade.store (/Users/andreymaznyak/projects/meteora/DEV_ENV_4/devboy-env-4/node_modules/.pnpm/webpack@5.101.2_@swc+core@1.5.7_@swc+helpers@0.5.15__esbuild@0.25.9/node_modules/webpack/lib/CacheFacade.js:142:15)
    at /Users/andreymaznyak/projects/meteora/DEV_ENV_4/devboy-env-4/node_modules/.pnpm/webpack@5.101.2_@swc+core@1.5.7_@swc+helpers@0.5.15__esbuild@0.25.9/node_modules/webpack/lib/Compilation.js:3712:11
    at /Users/andreymaznyak/projects/meteora/DEV_ENV_4/devboy-env-4/node_modules/.pnpm/webpack@5.101.2_@swc+core@1.5.7_@swc+helpers@0.5.15__esbuild@0.25.9/node_modules/webpack/lib/Cache.js:97:34
    at Array.<anonymous> (/Users/andreymaznyak/projects/meteora/DEV_ENV_4/devboy-env-4/node_modules/.pnpm/webpack@5.101.2_@swc+core@1.5.7_@swc+helpers@0.5.15__esbuild@0.25.9/node_modules/webpack/lib/cache/MemoryWithGcCachePlugin.js:129:13)
    at /Users/andreymaznyak/projects/meteora/DEV_ENV_4/devboy-env-4/node_modules/.pnpm/webpack@5.101.2_@swc+core@1.5.7_@swc+helpers@0.5.15__esbuild@0.25.9/node_modules/webpack/lib/Cache.js:97:19
    at eval (eval at create (/Users/andreymaznyak/projects/meteora/DEV_ENV_4/devboy-env-4/node_modules/.pnpm/tapable@2.2.1/node_modules/tapable/lib/HookCodeFactory.js:33:10), <anonymous>:27:1)
    at process.processTicksAndRejections (node:internal/process/task_queues:95:5)
-- inner error --
Error: Module build failed (from ./node_modules/.pnpm/less-loader@12.3.0_@rspack+core@1.3.12_@swc+helpers@0.5.18__less@4.4.0_webpack@5.101.2__c548343199fb8f76dfc5447fe35483e7/node_modules/less-loader/dist/cjs.js):
Error: ENOENT: no such file or directory, open '/Users/andreymaznyak/projects/meteora/DEV_ENV_4/devboy-env-4/apps/dev-boy-dashboard-ui/src/styles/default.less'
    at Object.<anonymous> (/Users/andreymaznyak/projects/meteora/DEV_ENV_4/devboy-env-4/node_modules/.pnpm/css-loader@7.1.2_@rspack+core@1.3.12_@swc+helpers@0.5.18__webpack@5.101.2_@swc+core@1.5.7_@swc+helpers@0.5.15__/node_modules/css-loader/dist/cjs.js??ruleSet[1].rules[8].rules[0].oneOf[0].use[1]!/Users/andreymaznyak/projects/meteora/DEV_ENV_4/devboy-env-4/node_modules/.pnpm/postcss-loader@8.1.1_@rspack+core@1.3.12_@swc+helpers@0.5.18__postcss@8.5.6_typescript@_c953ef3422bf74881f5136c1e03e99f6/node_modules/postcss-loader/dist/cjs.js??ruleSet[1].rules[8].rules[0].oneOf[0].use[2]!/Users/andreymaznyak/projects/meteora/DEV_ENV_4/devboy-env-4/node_modules/.pnpm/less-loader@12.3.0_@rspack+core@1.3.12_@swc+helpers@0.5.18__less@4.4.0_webpack@5.101.2__c548343199fb8f76dfc5447fe35483e7/node_modules/less-loader/dist/cjs.js??ruleSet[1].rules[8].rules[1].use[0]!/Users/andreymaznyak/projects/meteora/DEV_ENV_4/devboy-env-4/apps/dev-boy-dashboard-ui/src/styles/default.less?ngGlobalStyle:1:7)
    at /Users/andreymaznyak/projects/meteora/DEV_ENV_4/devboy-env-4/node_modules/.pnpm/webpack@5.101.2_@swc+core@1.5.7_@swc+helpers@0.5.15__esbuild@0.25.9/node_modules/webpack/lib/javascript/JavascriptModulesPlugin.js:544:10
    at Hook.eval [as call] (eval at create (/Users/andreymaznyak/projects/meteora/DEV_ENV_4/devboy-env-4/node_modules/.pnpm/tapable@2.2.1/node_modules/tapable/lib/HookCodeFactory.js:19:10), <anonymous>:7:1)
    at /Users/andreymaznyak/projects/meteora/DEV_ENV_4/devboy-env-4/node_modules/.pnpm/webpack@5.101.2_@swc+core@1.5.7_@swc+helpers@0.5.15__esbuild@0.25.9/node_modules/webpack/lib/Compilation.js:5517:39
    at tryRunOrWebpackError (/Users/andreymaznyak/projects/meteora/DEV_ENV_4/devboy-env-4/node_modules/.pnpm/webpack@5.101.2_@swc+core@1.5.7_@swc+helpers@0.5.15__esbuild@0.25.9/node_modules/webpack/lib/HookWebpackError.js:82:7)
    at __webpack_require_module__ (/Users/andreymaznyak/projects/meteora/DEV_ENV_4/devboy-env-4/node_modules/.pnpm/webpack@5.101.2_@swc+core@1.5.7_@swc+helpers@0.5.15__esbuild@0.25.9/node_modules/webpack/lib/Compilation.js:5515:12)
    at __webpack_require__ (/Users/andreymaznyak/projects/meteora/DEV_ENV_4/devboy-env-4/node_modules/.pnpm/webpack@5.101.2_@swc+core@1.5.7_@swc+helpers@0.5.15__esbuild@0.25.9/node_modules/webpack/lib/Compilation.js:5462:18)
    at /Users/andreymaznyak/projects/meteora/DEV_ENV_4/devboy-env-4/node_modules/.pnpm/webpack@5.101.2_@swc+core@1.5.7_@swc+helpers@0.5.15__esbuild@0.25.9/node_modules/webpack/lib/Compilation.js:5550:20
    at symbolIterator (/Users/andreymaznyak/projects/meteora/DEV_ENV_4/devboy-env-4/node_modules/.pnpm/neo-async@2.6.2/node_modules/neo-async/async.js:3485:9)
    at done (/Users/andreymaznyak/projects/meteora/DEV_ENV_4/devboy-env-4/node_modules/.pnpm/neo-async@2.6.2/node_modules/neo-async/async.js:3527:9)
    at Hook.eval [as callAsync] (eval at create (/Users/andreymaznyak/projects/meteora/DEV_ENV_4/devboy-env-4/node_modules/.pnpm/tapable@2.2.1/node_modules/tapable/lib/HookCodeFactory.js:33:10), <anonymous>:15:1)
    at /Users/andreymaznyak/projects/meteora/DEV_ENV_4/devboy-env-4/node_modules/.pnpm/webpack@5.101.2_@swc+core@1.5.7_@swc+helpers@0.5.15__esbuild@0.25.9/node_modules/webpack/lib/Compilation.js:5437:43
    at symbolIterator (/Users/andreymaznyak/projects/meteora/DEV_ENV_4/devboy-env-4/node_modules/.pnpm/neo-async@2.6.2/node_modules/neo-async/async.js:3482:9)
    at timesSync (/Users/andreymaznyak/projects/meteora/DEV_ENV_4/devboy-env-4/node_modules/.pnpm/neo-async@2.6.2/node_modules/neo-async/async.js:2297:7)
    at Object.eachLimit (/Users/andreymaznyak/projects/meteora/DEV_ENV_4/devboy-env-4/node_modules/.pnpm/neo-async@2.6.2/node_modules/neo-async/async.js:3463:5)
    at /Users/andreymaznyak/projects/meteora/DEV_ENV_4/devboy-env-4/node_modules/.pnpm/webpack@5.101.2_@swc+core@1.5.7_@swc+helpers@0.5.15__esbuild@0.25.9/node_modules/webpack/lib/Compilation.js:5399:16
    at symbolIterator (/Users/andreymaznyak/projects/meteora/DEV_ENV_4/devboy-env-4/node_modules/.pnpm/neo-async@2.6.2/node_modules/neo-async/async.js:3485:9)
    at timesSync (/Users/andreymaznyak/projects/meteora/DEV_ENV_4/devboy-env-4/node_modules/.pnpm/neo-async@2.6.2/node_modules/neo-async/async.js:2297:7)
    at Object.eachLimit (/Users/andreymaznyak/projects/meteora/DEV_ENV_4/devboy-env-4/node_modules/.pnpm/neo-async@2.6.2/node_modules/neo-async/async.js:3463:5)
    at /Users/andreymaznyak/projects/meteora/DEV_ENV_4/devboy-env-4/node_modules/.pnpm/webpack@5.101.2_@swc+core@1.5.7_@swc+helpers@0.5.15__esbuild@0.25.9/node_modules/webpack/lib/Compilation.js:5367:15
    at symbolIterator (/Users/andreymaznyak/projects/meteora/DEV_ENV_4/devboy-env-4/node_modules/.pnpm/neo-async@2.6.2/node_modules/neo-async/async.js:3485:9)
    at done (/Users/andreymaznyak/projects/meteora/DEV_ENV_4/devboy-env-4/node_modules/.pnpm/neo-async@2.6.2/node_modules/neo-async/async.js:3527:9)
    at /Users/andreymaznyak/projects/meteora/DEV_ENV_4/devboy-env-4/node_modules/.pnpm/webpack@5.101.2_@swc+core@1.5.7_@swc+helpers@0.5.15__esbuild@0.25.9/node_modules/webpack/lib/Compilation.js:5313:8
    at /Users/andreymaznyak/projects/meteora/DEV_ENV_4/devboy-env-4/node_modules/.pnpm/webpack@5.101.2_@swc+core@1.5.7_@swc+helpers@0.5.15__esbuild@0.25.9/node_modules/webpack/lib/Compilation.js:3713:6
    at /Users/andreymaznyak/projects/meteora/DEV_ENV_4/devboy-env-4/node_modules/.pnpm/webpack@5.101.2_@swc+core@1.5.7_@swc+helpers@0.5.15__esbuild@0.25.9/node_modules/webpack/lib/HookWebpackError.js:68:2
    at _done (eval at create (/Users/andreymaznyak/projects/meteora/DEV_ENV_4/devboy-env-4/node_modules/.pnpm/tapable@2.2.1/node_modules/tapable/lib/HookCodeFactory.js:33:10), <anonymous>:9:1)
    at Hook.eval [as callAsync] (eval at create (/Users/andreymaznyak/projects/meteora/DEV_ENV_4/devboy-env-4/node_modules/.pnpm/tapable@2.2.1/node_modules/tapable/lib/HookCodeFactory.js:33:10), <anonymous>:39:22)
    at Cache.store (/Users/andreymaznyak/projects/meteora/DEV_ENV_4/devboy-env-4/node_modules/.pnpm/webpack@5.101.2_@swc+core@1.5.7_@swc+helpers@0.5.15__esbuild@0.25.9/node_modules/webpack/lib/Cache.js:113:20)
    at ItemCacheFacade.store (/Users/andreymaznyak/projects/meteora/DEV_ENV_4/devboy-env-4/node_modules/.pnpm/webpack@5.101.2_@swc+core@1.5.7_@swc+helpers@0.5.15__esbuild@0.25.9/node_modules/webpack/lib/CacheFacade.js:142:15)
    at /Users/andreymaznyak/projects/meteora/DEV_ENV_4/devboy-env-4/node_modules/.pnpm/webpack@5.101.2_@swc+core@1.5.7_@swc+helpers@0.5.15__esbuild@0.25.9/node_modules/webpack/lib/Compilation.js:3712:11
    at /Users/andreymaznyak/projects/meteora/DEV_ENV_4/devboy-env-4/node_modules/.pnpm/webpack@5.101.2_@swc+core@1.5.7_@swc+helpers@0.5.15__esbuild@0.25.9/node_modules/webpack/lib/Cache.js:97:34
    at Array.<anonymous> (/Users/andreymaznyak/projects/meteora/DEV_ENV_4/devboy-env-4/node_modules/.pnpm/webpack@5.101.2_@swc+core@1.5.7_@swc+helpers@0.5.15__esbuild@0.25.9/node_modules/webpack/lib/cache/MemoryWithGcCachePlugin.js:129:13)
    at /Users/andreymaznyak/projects/meteora/DEV_ENV_4/devboy-env-4/node_modules/.pnpm/webpack@5.101.2_@swc+core@1.5.7_@swc+helpers@0.5.15__esbuild@0.25.9/node_modules/webpack/lib/Cache.js:97:19
    at eval (eval at create (/Users/andreymaznyak/projects/meteora/DEV_ENV_4/devboy-env-4/node_modules/.pnpm/tapable@2.2.1/node_modules/tapable/lib/HookCodeFactory.js:33:10), <anonymous>:27:1)
    at process.processTicksAndRejections (node:internal/process/task_queues:95:5)

Generated code for /Users/andreymaznyak/projects/meteora/DEV_ENV_4/devboy-env-4/node_modules/.pnpm/css-loader@7.1.2_@rspack+core@1.3.12_@swc+helpers@0.5.18__webpack@5.101.2_@swc+core@1.5.7_@swc+helpers@0.5.15__/node_modules/css-loader/dist/cjs.js??ruleSet[1].rules[8].rules[0].oneOf[0].use[1]!/Users/andreymaznyak/projects/meteora/DEV_ENV_4/devboy-env-4/node_modules/.pnpm/postcss-loader@8.1.1_@rspack+core@1.3.12_@swc+helpers@0.5.18__postcss@8.5.6_typescript@_c953ef3422bf74881f5136c1e03e99f6/node_modules/postcss-loader/dist/cjs.js??ruleSet[1].rules[8].rules[0].oneOf[0].use[2]!/Users/andreymaznyak/projects/meteora/DEV_ENV_4/devboy-env-4/node_modules/.pnpm/less-loader@12.3.0_@rspack+core@1.3.12_@swc+helpers@0.5.18__less@4.4.0_webpack@5.101.2__c548343199fb8f76dfc5447fe35483e7/node_modules/less-loader/dist/cjs.js??ruleSet[1].rules[8].rules[1].use[0]!/Users/andreymaznyak/projects/meteora/DEV_ENV_4/devboy-env-4/apps/dev-boy-dashboard-ui/src/styles/default.less?ngGlobalStyle
1 | throw new Error("Module build failed (from ./node_modules/.pnpm/less-loader@12.3.0_@rspack+core@1.3.12_@swc+helpers@0.5.18__less@4.4.0_webpack@5.101.2__c548343199fb8f76dfc5447fe35483e7/node_modules/less-loader/dist/cjs.js):\nError: ENOENT: no such file or directory, open '/Users/andreymaznyak/projects/meteora/DEV_ENV_4/devboy-env-4/apps/dev-boy-dashboard-ui/src/styles/default.less'"); @ http://localhost:4500/polyfills.js:730
[ 6336938ms] [ERROR] [webpack-dev-server] ERROR
Module not found: Error: Can't resolve '/Users/andreymaznyak/projects/meteora/DEV_ENV_4/devboy-env-4/apps/dev-boy-dashboard-ui/src/main.ts' in '/Users/andreymaznyak/projects/meteora/DEV_ENV_4/devboy-env-4' @ http://localhost:4500/polyfills.js:730
[ 6336938ms] [ERROR] [webpack-dev-server] ERROR
error TS500: Error: ENOENT: no such file or directory, lstat '/Users/andreymaznyak/projects/meteora/DEV_ENV_4/devboy-env-4/apps/dev-boy-dashboard-ui/tsconfig.app.json'
    at Object.lstatSync (node:fs:1631:25)
    at NodeJSFileSystem.lstat (file:///Users/andreymaznyak/projects/meteora/DEV_ENV_4/devboy-env-4/node_modules/.pnpm/@angular+compiler-cli@20.3.15_@angular+compiler@20.3.15_typescript@5.9.3/node_modules/@angular/compiler-cli/bundles/chunk-XYYEESKY.js:73:15)
    at calcProjectFileAndBasePath (file:///Users/andreymaznyak/projects/meteora/DEV_ENV_4/devboy-env-4/node_modules/.pnpm/@angular+compiler-cli@20.3.15_@angular+compiler@20.3.15_typescript@5.9.3/node_modules/@angular/compiler-cli/bundles/chunk-VLDYFQRU.js:5528:29)
    at Module.readConfiguration (file:///Users/andreymaznyak/projects/meteora/DEV_ENV_4/devboy-env-4/node_modules/.pnpm/@angular+compiler-cli@20.3.15_@angular+compiler@20.3.15_typescript@5.9.3/node_modules/@angular/compiler-cli/bundles/chunk-VLDYFQRU.js:5554:39)
    at AngularWebpackPlugin.loadConfiguration (/Users/andreymaznyak/projects/meteora/DEV_ENV_4/devboy-env-4/node_modules/.pnpm/@ngtools+webpack@20.3.13_@angular+compiler-cli@20.3.15_@angular+compiler@20.3.15_typesc_906a1c6883455b4cfb244a4fbdbb920d/node_modules/@ngtools/webpack/src/ivy/plugin.js:310:83)
    at AngularWebpackPlugin.setupCompilation (/Users/andreymaznyak/projects/meteora/DEV_ENV_4/devboy-env-4/node_modules/.pnpm/@ngtools+webpack@20.3.13_@angular+compiler-cli@20.3.15_@angular+compiler@20.3.15_typesc_906a1c6883455b4cfb244a4fbdbb920d/node_modules/@ngtools/webpack/src/ivy/plugin.js:151:61)
    at /Users/andreymaznyak/projects/meteora/DEV_ENV_4/devboy-env-4/node_modules/.pnpm/@ngtools+webpack@20.3.13_@angular+compiler-cli@20.3.15_@angular+compiler@20.3.15_typesc_906a1c6883455b4cfb244a4fbdbb920d/node_modules/@ngtools/webpack/src/ivy/plugin.js:130:22
    at Hook.eval [as call] (eval at create (/Users/andreymaznyak/projects/meteora/DEV_ENV_4/devboy-env-4/node_modules/.pnpm/tapable@2.2.1/node_modules/tapable/lib/HookCodeFactory.js:19:10), <anonymous>:20:1)
    at Compiler.newCompilation (/Users/andreymaznyak/projects/meteora/DEV_ENV_4/devboy-env-4/node_modules/.pnpm/webpack@5.101.2_@swc+core@1.5.7_@swc+helpers@0.5.15__esbuild@0.25.9/node_modules/webpack/lib/Compiler.js:1302:30)
    at /Users/andreymaznyak/projects/meteora/DEV_ENV_4/devboy-env-4/node_modules/.pnpm/webpack@5.101.2_@swc+core@1.5.7_@swc+helpers@0.5.15__esbuild@0.25.9/node_modules/webpack/lib/Compiler.js:1347:29
    at eval (eval at create (/Users/andreymaznyak/projects/meteora/DEV_ENV_4/devboy-env-4/node_modules/.pnpm/tapable@2.2.1/node_modules/tapable/lib/HookCodeFactory.js:33:10), <anonymous>:31:1)
 @ http://localhost:4500/polyfills.js:730
[ 6336938ms] [ERROR] [webpack-dev-server] ERROR
ENOENT: no such file or directory, open '/Users/andreymaznyak/projects/meteora/DEV_ENV_4/devboy-env-4/apps/dev-boy-dashboard-ui/src/index.html' @ http://localhost:4500/polyfills.js:730
[ 6337221ms] [ERROR] Failed to load resource: the server responded with a status of 401 (Unauthorized) @ http://localhost:4500/api/auth/session-status:0
[ 6337222ms] [ERROR] Get session error: HttpErrorResponse @ http://localhost:4500/vendor.js:36583
[ 6337335ms] [ERROR] Failed to load resource: the server responded with a status of 404 (Not Found) @ http://localhost:4500/assets/outline/mail.svg:0
[ 6337564ms] Error: [@ant-design/icons-angular]:the icon mail-o does not exist or is not registered.
    at IconNotFoundError (http://localhost:4500/vendor.js:210093:10)
    at http://localhost:4500/vendor.js:210236:15
    at http://localhost:4500/vendor.js:66008:31
    at OperatorSubscriber._next (http://localhost:4500/vendor.js:120325:9)
    at OperatorSubscriber.next (http://localhost:4500/vendor.js:124566:12)
    at http://localhost:4500/vendor.js:133711:20
    at errorContext (http://localhost:4500/vendor.js:144665:5)
    at Subject.next (http://localhost:4500/vendor.js:133704:69)
    at Object.next (http://localhost:4500/vendor.js:2113:31)
    at ConsumerObserver.next (http://localhost:4500/vendor.js:124624:25)
    at SafeSubscriber._next (http://localhost:4500/vendor.js:124593:22)
    at SafeSubscriber.next (http://localhost:4500/vendor.js:124566:12)
    at Observable._subscribe (http://localhost:4500/vendor.js:40219:18)
    at Observable._trySubscribe (http://localhost:4500/vendor.js:170220:19)
    at http://localhost:4500/vendor.js:170214:113
    at errorContext (http://localhost:4500/vendor.js:144665:5)
    at Observable.subscribe (http://localhost:4500/vendor.js:170209:69)
    at http://localhost:4500/vendor.js:3000:23
    at OperatorSubscriber._error (http://localhost:4500/vendor.js:120332:9)
    at OperatorSubscriber.error (http://localhost:4500/vendor.js:124574:12)
    at source.subscribe._a (http://localhost:4500/vendor.js:32126:18)
    at OperatorSubscriber._error (http://localhost:4500/vendor.js:120332:9)
    at OperatorSubscriber.error (http://localhost:4500/vendor.js:124574:12)
    at OperatorSubscriber._error (http://localhost:4500/vendor.js:124597:24)
    at OperatorSubscriber.error (http://localhost:4500/vendor.js:124574:12)
    at OperatorSubscriber._error (http://localhost:4500/vendor.js:124597:24)
    at OperatorSubscriber.error (http://localhost:4500/vendor.js:124574:12)
    at OperatorSubscriber._error (http://localhost:4500/vendor.js:124597:24)
    at OperatorSubscriber.error (http://localhost:4500/vendor.js:124574:12)
    at OperatorSubscriber._error (http://localhost:4500/vendor.js:124597:24)
    at OperatorSubscriber.error (http://localhost:4500/vendor.js:124574:12)
    at OperatorSubscriber._error (http://localhost:4500/vendor.js:124597:24)
    at OperatorSubscriber.error (http://localhost:4500/vendor.js:124574:12)
    at XMLHttpRequest.onLoad (http://localhost:4500/vendor.js:20813:22)
    at _ZoneDelegate.invokeTask (http://localhost:4500/polyfills.js:2741:171)
    at ZoneImpl.runTask (http://localhost:4500/polyfills.js:2538:37)
    at ZoneTask.invokeTask [as invoke] (http://localhost:4500/polyfills.js:2818:26)
    at invokeTask (http://localhost:4500/polyfills.js:3463:12)
    at globalCallback (http://localhost:4500/polyfills.js:3504:23)
    at XMLHttpRequest.globalZoneAwareCallback (http://localhost:4500/polyfills.js:3524:12)
[ 6416830ms] [ERROR] Failed to load resource: net::ERR_CONNECTION_REFUSED @ http://localhost:4637/auth/login:0
[ 6830213ms] NotFoundError: Failed to execute 'removeChild' on 'Node': The node to be removed is not a child of this node.
    at hide (http://localhost:4500/polyfills.js:2266:19)
    at http://localhost:4500/polyfills.js:1876:50
    at Array.forEach (<anonymous>)
    at Object.send (http://localhost:4500/polyfills.js:1874:36)
    at Object.close (http://localhost:4500/polyfills.js:1522:15)
    at WebSocket.<anonymous> (http://localhost:4500/polyfills.js:5596:16)
[ 6885231ms] [WARNING] [webpack-dev-server] Warnings while compiling. @ http://localhost:4500/polyfills.js:893
[ 6885231ms] [WARNING] [webpack-dev-server] WARNING
src/app/meeting-notes/meeting-notes.component.ts:471:54 - warning NG8107: The left side of this optional chain operation does not include 'null' or 'undefined' in its type, therefore the '?.' operator can be replaced with the '.' operator.

471                   [nzCount]="note.participantEmails?.length || 0"
                                                         ~~~~~~

 @ http://localhost:4500/polyfills.js:893
[ 6885231ms] [WARNING] [webpack-dev-server] WARNING
src/app/projects/project-issue-tracker-settings/project-issue-tracker-settings.component.html:47:28 - warning NG8116: A structural directive `nzOptionTemplate` was used in the template without a corresponding import in the component. Make sure that the directive is included in the `@Component.imports` array of this component.

47             <ng-container *nzOptionTemplate>
                              ~~~~~~~~~~~~~~~~

  src/app/projects/project-issue-tracker-settings/project-issue-tracker-settings.component.ts:41:16
    41   templateUrl: './project-issue-tracker-settings.component.html',
                      ~~~~~~~~~~~~~~~~~~~~~~~~~~~~~~~~~~~~~~~~~~~~~~~~~
    Warning occurs in the template of component ProjectIssueTrackerSettingsComponent.
 @ http://localhost:4500/polyfills.js:893
[ 6885457ms] [ERROR] Failed to load resource: the server responded with a status of 401 (Unauthorized) @ http://localhost:4500/api/auth/session-status:0
[ 6885458ms] [ERROR] Get session error: HttpErrorResponse @ http://localhost:4500/vendor.js:170893
[ 6885787ms] [ERROR] Failed to load resource: the server responded with a status of 404 (Not Found) @ http://localhost:4500/assets/outline/mail.svg:0
[ 6885799ms] Error: [@ant-design/icons-angular]:the icon mail-o does not exist or is not registered.
    at IconNotFoundError (http://localhost:4500/vendor.js:45948:10)
    at http://localhost:4500/vendor.js:46091:15
    at http://localhost:4500/vendor.js:182194:31
    at OperatorSubscriber._next (http://localhost:4500/vendor.js:108582:9)
    at OperatorSubscriber.next (http://localhost:4500/vendor.js:88250:12)
    at http://localhost:4500/vendor.js:99935:20
    at errorContext (http://localhost:4500/vendor.js:46580:5)
    at Subject.next (http://localhost:4500/vendor.js:99928:69)
    at Object.next (http://localhost:4500/vendor.js:97906:31)
    at ConsumerObserver.next (http://localhost:4500/vendor.js:88308:25)
    at SafeSubscriber._next (http://localhost:4500/vendor.js:88277:22)
    at SafeSubscriber.next (http://localhost:4500/vendor.js:88250:12)
    at Observable._subscribe (http://localhost:4500/vendor.js:22338:18)
    at Observable._trySubscribe (http://localhost:4500/vendor.js:97693:19)
    at http://localhost:4500/vendor.js:97687:113
    at errorContext (http://localhost:4500/vendor.js:46580:5)
    at Observable.subscribe (http://localhost:4500/vendor.js:97682:69)
    at http://localhost:4500/vendor.js:49274:23
    at OperatorSubscriber._error (http://localhost:4500/vendor.js:108589:9)
    at OperatorSubscriber.error (http://localhost:4500/vendor.js:88258:12)
    at source.subscribe._a (http://localhost:4500/vendor.js:84283:18)
    at OperatorSubscriber._error (http://localhost:4500/vendor.js:108589:9)
    at OperatorSubscriber.error (http://localhost:4500/vendor.js:88258:12)
    at OperatorSubscriber._error (http://localhost:4500/vendor.js:88281:24)
    at OperatorSubscriber.error (http://localhost:4500/vendor.js:88258:12)
    at OperatorSubscriber._error (http://localhost:4500/vendor.js:88281:24)
    at OperatorSubscriber.error (http://localhost:4500/vendor.js:88258:12)
    at OperatorSubscriber._error (http://localhost:4500/vendor.js:88281:24)
    at OperatorSubscriber.error (http://localhost:4500/vendor.js:88258:12)
    at OperatorSubscriber._error (http://localhost:4500/vendor.js:88281:24)
    at OperatorSubscriber.error (http://localhost:4500/vendor.js:88258:12)
    at OperatorSubscriber._error (http://localhost:4500/vendor.js:88281:24)
    at OperatorSubscriber.error (http://localhost:4500/vendor.js:88258:12)
    at XMLHttpRequest.onLoad (http://localhost:4500/vendor.js:106942:22)
    at _ZoneDelegate.invokeTask (http://localhost:4500/polyfills.js:3151:171)
    at ZoneImpl.runTask (http://localhost:4500/polyfills.js:2948:37)
    at ZoneTask.invokeTask [as invoke] (http://localhost:4500/polyfills.js:3228:26)
    at invokeTask (http://localhost:4500/polyfills.js:3873:12)
    at globalCallback (http://localhost:4500/polyfills.js:3914:23)
    at XMLHttpRequest.globalZoneAwareCallback (http://localhost:4500/polyfills.js:3934:12)
[ 6948466ms] [WARNING] Calling Firebase APIs outside of an Injection context may destabilize your application leading to subtle change-detection and hydration bugs. Find more at https://github.com/angular/angularfire/blob/main/docs/zones.md @ http://localhost:4500/vendor.js:170893
[ 6949578ms] [ERROR] Failed to load resource: the server responded with a status of 401 (Unauthorized) @ http://localhost:4500/api/users/me:0
[ 6949580ms] [ERROR] Failed to load current user: HttpErrorResponse @ http://localhost:4500/vendor.js:170893
[ 6949582ms] [ERROR] Failed to load resource: the server responded with a status of 401 (Unauthorized) @ http://localhost:4500/api/auth/session-status:0
[ 6949583ms] [ERROR] Get session error: HttpErrorResponse @ http://localhost:4500/vendor.js:170893
[ 6949588ms] [ERROR] Failed to load resource: the server responded with a status of 401 (Unauthorized) @ http://localhost:4500/api/users/me:0
[ 6949589ms] [ERROR] Failed to load current user: HttpErrorResponse @ http://localhost:4500/vendor.js:170893
